SYS,SYS,SYS,SYS,SYS,USERDEF,USERDEF,USERDEF,USERDEF,PORO,PORO,PORO,PORO,PORO,PORO,PORO,PORO,PORO,PORO,PORO,PORO,FLUORO,FLUORO,FLUORO,FLUORO,FLUORO,FLUORO,FLUORO,FLUORO,FLUORO,FLUORO,SENSOR,SENSOR,SENSOR,SENSOR,SENSOR,SENSOR,SENSOR,SENSOR,SENSOR,SENSOR,LEAF_ANGLE,LEAF_ANGLE,LEAF_ANGLE,LEAF_ANGLE,LEAF_ANGLE,LEAF_ANGLE,LEAF_ANGLE,LEAF_ANGLE,LEAF_ANGLE,LEAF_ANGLE,GPS,GPS,GPS,GPS,GPS,GPS,GPS,MATCH,MATCH,MATCH,STABILITY,STABILITY,STABILITY,STABILITY,STABILITY,STABILITY,P_CONFIG,P_CONFIG,P_CONFIG,P_CONFIG,FL_CONFIG,FL_CONFIG,FL_CONFIG,FL_CONFIG,FL_CONFIG,FL_CONFIG,FL_CONFIG,FL_CONFIG,FL_CONFIG,FL_CONFIG,FL_CONFIG,FL_CONFIG,FL_CONFIG,FL_CONFIG,FL_CONFIG,SENSOR_V,SENSOR_V,SENSOR_V,SENSOR_V,SENSOR_V,SENSOR_V,SENSOR_V,SENSOR_V,SENSOR_V,SENSOR_V,USERCAL,USERCAL,USERCAL,USERCAL,USERCAL,USERCAL,USERCAL,USERCAL,USERCAL,USERCAL,META,META,META,META,META,META,META
Obs#,Time,Date,configName,configAuthor,remark,unique_id,,,gsw,gbw,gtw,E_apparent,VPcham,VPref,VPleaf,VPDleaf,H2O_r,H2O_s,H2O_leaf,leaf_area,flashID,Fo,Fm,Fv/Fm,Fs,Fm',PhiPS2,PS2/1,abs,ETR,rh_s,rh_r,Tref,Tleaf,P_atm,flow,flow_s,leak_pct,Qamb,batt,pitch,roll,heading,angle_inc_leaf,direct_pct,slope_leaf,az_leaf,dec_solar,az_solar,zenith_solar,gps_time,gps_date,latitude,longitude,altitude,gps_sats,gps_HDOP,match_time,match_date,rh_adj,gsw1sec,gsw2sec,gsw4sec,flr1sec,flr2sec,flr4sec,auto,flow_set,gsw_limit,gsw_period,dark,flash_type,flash_intensity,modrate,flr_limit,flr_period,P1_dur,P2_dur,P3_dur,P1_Fmax,P2_ramp,P2_slp,P3_Fmax,P3_Pred,P3_DeltaF,v_humA,v_humB,v_flowIn,v_flowOut,v_temp,v_irt,v_pres,v_par,v_F,i_LED,b_rhr,m_rhr,span_rhr,b_rhs,m_rhs,span_rhs,z_flowIn,z_flowOut,z_quantum,z_flr,flashId,lciSerNum,lcpSerNum,lcfSerNum,lcrhSerNum,version,configUpdatedAt
,HHMMSS,YYYYMMDD,,,,,,,mol+1m-2s-1,mol+1m-2s-1,mol+1m-2s-1,mmol+1m-2s-1,kPa,kPa,kPa,kPa,mmol+1mol-1,mmol+1mol-1,mmol+1mol-1,cm+2,,,,,,,,,,umol+1m-2s-1,%,%,C,C,kPa,umol+1sec-1,umol+1sec-1,%,umol+1m-2s-1,V,degrees,degrees,degrees,degrees,%,degrees,degrees,degrees,degrees,degrees,HHMMSS,YYYYMMDD,degrees,degrees,m,,,HHMMSS,YYYYMMDD,%,,,,,,,,umol+1sec-1,(umol+1m-2s-1)s-1,s,,,umol+1m-2s-1,Hz,s-1,s,ms,ms,ms,,%,,,,,V,V,V,V,V,V,V,V,V,A,,,,,,,,,,,,,,,,,
1,12:42:22,2024-05-10,DURIN config,Nicole Bison,Delete,063236942100,,,0.056687,2.916994,0.055606,0.806550,1.183536,1.160747,2.621400,1.437864,11.488703,11.714266,25.945787,0.441786,PSF-00189_20240510124222,0.000000,0.000000,0.000000,114.879013,426.674377,0.730757,0.5,0.80,4.777872,45.24,44.37,21.77,21.80,101.03,156.1,156.4,-0.2,16,3.795,-17,-170,70,,,160.35,101.09,,,,00:00:00,0000-00-00,0.000000,0.000000,0.000000,0,0.000000,12:41:20,2024-05-10,-0.47,0.000,0.002,-9999.000,1.253,2.212,-9999.000,1,150,0.005,2.000000,0,rectangular,7000,500,-9999.000000,-9999.000000,55537,55537,55537,0.000000,-9999,0.000000,0.000000,0.000000,0.000000,2.439284,2.504334,1.650885,0.931995,0.310389,0.001810,0.056291,0.121124,114.879013,0.000450,2.368202,-0.000033,1.000000,2.426428,-0.000040,1.000000,0.602049,0.601182,0.107400,0.000000,PSF-00189_20240510124222,PFA-00183,PSA-00195,PSF-00189,RHS-00549,2.0.0,2023-06-15T18:05:35.947Z
1,12:59:25,2024-05-10,DURIN config,Nicole Bison,,22283,,,0.046720,2.916021,0.045983,0.636178,1.308856,1.290889,2.679120,1.370264,12.776395,12.954223,26.516226,0.441786,PSF-00189_20240510125925,0.000000,0.000000,0.000000,107.537628,483.661652,0.777659,0.5,0.80,6.052575,47.73,47.07,22.54,22.16,101.04,156.0,140.6,9.9,19,3.785,6,179,207,,,173.92,36.48,,,,00:00:00,0000-00-00,0.000000,0.000000,0.000000,0,0.000000,12:58:54,2024-05-10,-0.43,-0.001,-0.003,-9999.000,0.923,2.115,-9999.000,1,150,0.005,2.000000,0,rectangular,7000,500,-9999.000000,-9999.000000,55537,55537,55537,0.000000,-9999,0.000000,0.000000,0.000000,0.000000,2.442818,2.507725,1.649867,0.892346,0.300906,-0.003037,0.143007,0.123736,107.537628,0.000471,2.368202,-0.000033,1.000000,2.426428,-0.000040,1.000000,0.602049,0.601182,0.107400,0.000000,PSF-00189_20240510125925,PFA-00183,PSA-00195,PSF-00189,RHS-00549,2.0.0,2023-06-15T18:05:35.947Z
2,13:04:36,2024-05-10,DURIN config,Nicole Bison,,24199,,,0.035919,2.917922,0.035482,0.502265,1.305946,1.291786,2.707402,1.401456,12.788596,12.928786,26.803108,0.441786,PSF-00189_20240510130436,0.000000,0.000000,0.000000,117.603065,458.471069,0.743489,0.5,0.80,7.635231,45.06,44.57,23.46,22.33,101.01,156.2,155.7,0.3,26,3.779,7,177,102,,,172.39,-54.73,,,,00:00:00,0000-00-00,0.000000,0.000000,0.000000,0,0.000000,12:58:54,2024-05-10,-0.43,0.002,0.003,-9999.000,0.445,2.351,-9999.000,1,150,0.005,2.000000,0,rectangular,7000,500,-9999.000000,-9999.000000,55537,55537,55537,0.000000,-9999,0.000000,0.000000,0.000000,0.000000,2.439185,2.503593,1.651858,0.930304,0.290081,-0.011704,0.176385,0.128955,117.603065,0.000447,2.368202,-0.000033,1.000000,2.426428,-0.000040,1.000000,0.602049,0.601182,0.107400,0.000000,PSF-00189_20240510130436,PFA-00183,PSA-00195,PSF-00189,RHS-00549,2.0.0,2023-06-15T18:05:35.947Z
3,13:07:46,2024-05-10,DURIN config,Nicole Bison,,23401,,,0.022949,2.916183,0.022770,0.325046,1.358391,1.349219,2.770909,1.412518,13.356815,13.447618,27.431072,0.441786,PSF-00189_20240510130746,0.000000,0.000000,0.000000,93.361618,456.913605,0.795669,0.5,0.80,7.810890,45.84,45.53,23.82,22.71,101.01,156.0,133.2,14.6,25,3.777,5,-179,109,,,174.90,-82.33,,,,00:00:00,0000-00-00,0.000000,0.000000,0.000000,0,0.000000,12:58:54,2024-05-10,-0.43,0.000,0.003,-9999.000,-0.010,-0.023,-9999.000,1,150,0.005,2.000000,0,rectangular,7000,500,-9999.000000,-9999.000000,55537,55537,55537,0.000000,-9999,0.000000,0.000000,0.000000,0.000000,2.440429,2.504662,1.650036,0.874350,0.285866,-0.011577,0.194811,0.128005,93.361618,0.000438,2.368202,-0.000033,1.000000,2.426428,-0.000040,1.000000,0.602049,0.601182,0.107400,0.000000,PSF-00189_20240510130746,PFA-00183,PSA-00195,PSF-00189,RHS-00549,2.0.0,2023-06-15T18:05:35.947Z
4,13:10:14,2024-05-10,DURIN config,Nicole Bison,,25506,,,0.015698,2.918018,0.015614,0.245503,1.307547,1.300627,2.862807,1.555259,12.877592,12.946109,28.344830,0.441786,PSF-00189_20240510131014,0.000000,0.000000,0.000000,100.945473,462.994324,0.781973,0.5,0.80,8.403898,43.47,43.24,24.07,23.25,101.00,156.2,146.9,6.0,27,3.774,14,173,106,,,164.38,-47.09,,,,00:00:00,0000-00-00,0.000000,0.000000,0.000000,0,0.000000,13:10:02,2024-05-10,-0.50,-0.000,-0.001,-9999.000,0.140,0.316,-9999.000,1,150,0.005,2.000000,0,rectangular,7000,500,-9999.000000,-9999.000000,55537,55537,55537,0.000000,-9999,0.000000,0.000000,0.000000,0.000000,2.437225,2.501225,1.651959,0.907947,0.283023,-0.008258,0.208426,0.129958,100.945473,0.000430,2.368202,-0.000033,1.000000,2.426428,-0.000040,1.000000,0.602049,0.601182,0.107400,0.000000,PSF-00189_20240510131014,PFA-00183,PSA-00195,PSF-00189,RHS-00549,2.0.0,2023-06-15T18:05:35.947Z
1,13:20:53,2024-05-10,DURIN config,Nicole Bison,,25661,,,0.026471,2.919168,0.026233,0.394567,1.340336,1.329227,2.828192,1.487855,13.160082,13.270065,28.000648,0.441786,PSF-00189_20240510132053,0.000000,0.000000,0.000000,95.883247,472.793701,0.797199,0.5,0.80,7.296036,43.20,42.84,24.59,23.05,101.00,156.4,153.8,1.7,23,3.753,10,179,103,,,169.95,-71.26,,,,00:00:00,0000-00-00,0.000000,0.000000,0.000000,0,0.000000,13:20:10,2024-05-10,-0.45,-0.001,-0.000,-9999.000,0.126,0.381,-9999.000,1,150,0.005,2.000000,0,rectangular,7000,500,-9999.000000,-9999.000000,55537,55537,55537,0.000000,-9999,0.000000,0.000000,0.000000,0.000000,2.436563,2.500631,1.653168,0.925271,0.277223,-0.016694,0.246125,0.126610,95.883247,0.000459,2.368202,-0.000033,1.000000,2.426428,-0.000040,1.000000,0.602049,0.601182,0.107400,0.000000,PSF-00189_20240510132053,PFA-00183,PSA-00195,PSF-00189,RHS-00549,2.0.0,2023-06-15T18:05:35.947Z
2,13:38:22,2024-05-10,DURIN config,Nicole Bison,,23641,,,0.037288,2.917834,0.036817,0.525076,1.354664,1.339869,2.765597,1.410933,13.267145,13.413641,27.384455,0.441786,PSF-00189_20240510133822,0.000000,0.000000,0.000000,167.652725,447.158936,0.625071,0.5,0.80,5.700477,42.80,42.33,24.92,22.68,100.99,156.2,155.7,0.3,23,3.750,6,179,259,,,173.92,88.48,,,,00:00:00,0000-00-00,0.000000,0.000000,0.000000,0,0.000000,13:20:10,2024-05-10,-0.45,0.001,0.003,-9999.000,0.361,1.826,-9999.000,1,150,0.005,2.000000,0,rectangular,7000,500,-9999.000000,-9999.000000,55537,55537,55537,0.000000,-9999,0.000000,0.000000,0.000000,0.000000,2.435789,2.499963,1.651765,0.930166,0.273550,-0.024907,0.330398,0.126542,167.652725,0.000433,2.368202,-0.000033,1.000000,2.426428,-0.000040,1.000000,0.602049,0.601182,0.107400,0.000000,PSF-00189_20240510133822,PFA-00183,PSA-00195,PSF-00189,RHS-00549,2.0.0,2023-06-15T18:05:35.947Z
3,13:41:39,2024-05-10,DURIN config,Nicole Bison,,28163,,,-0.004518,2.917236,-0.004525,-0.076827,1.367272,1.369437,3.044318,1.677046,13.561601,13.540159,30.148031,0.441786,PSF-00189_20240510134139,0.000000,0.000000,0.000000,115.796684,429.522156,0.730406,0.5,0.80,6.879753,42.81,42.88,25.07,24.27,100.98,156.1,149.2,4.5,24,3.746,4,-179,189,,,175.88,-5.05,,,,00:00:00,0000-00-00,0.000000,0.000000,0.000000,0,0.000000,13:38:47,2024-05-10,-0.49,-0.003,0.001,-9999.000,-0.448,-0.796,-9999.000,1,150,0.005,2.000000,0,rectangular,7000,500,-9999.000000,-9999.000000,55537,55537,55537,0.000000,-9999,0.000000,0.000000,0.000000,0.000000,2.436514,2.500008,1.651138,0.913697,0.271919,-0.008150,0.343635,0.127170,115.796684,0.000426,2.368202,-0.000033,1.000000,2.426428,-0.000040,1.000000,0.602049,0.601182,0.107400,0.000000,PSF-00189_20240510134139,PFA-00183,PSA-00195,PSF-00189,RHS-00549,2.0.0,2023-06-15T18:05:35.947Z
4,13:44:33,2024-05-10,DURIN config,Nicole Bison,,26547,,,0.004155,2.917179,0.004149,0.066201,1.335371,1.333505,2.912463,1.577092,13.206580,13.225062,28.844053,0.441786,PSF-00189_20240510134433,0.000000,0.000000,0.000000,87.353111,435.850037,0.799580,0.5,0.80,7.540983,41.38,41.32,25.25,23.54,100.97,156.1,145.5,6.8,24,3.711,9,179,241,,,170.95,67.37,,,,00:00:00,0000-00-00,0.000000,0.000000,0.000000,0,0.000000,13:38:47,2024-05-10,-0.49,-0.000,0.000,-9999.000,0.149,0.535,-9999.000,1,150,0.005,2.000000,0,rectangular,7000,500,-9999.000000,-9999.000000,55537,55537,55537,0.000000,-9999,0.000000,0.000000,0.000000,0.000000,2.434326,2.497849,1.651079,0.904381,0.270020,-0.018841,0.354802,0.127196,87.353111,0.000428,2.368202,-0.000033,1.000000,2.426428,-0.000040,1.000000,0.602049,0.601182,0.107400,0.000000,PSF-00189_20240510134433,PFA-00183,PSA-00195,PSF-00189,RHS-00549,2.0.0,2023-06-15T18:05:35.947Z
5,14:34:33,2024-05-10,DURIN config,Nicole Bison,,28155,,,0.037187,2.917715,0.036719,0.581528,1.440814,1.424449,3.004301,1.563486,14.111036,14.273155,29.761539,0.441786,PSF-00189_20240510143433,0.000000,0.000000,0.000000,81.755875,427.314148,0.808675,0.5,0.80,5.999113,44.52,44.02,25.30,24.05,100.95,156.2,142.6,8.7,19,3.684,5,-178,151,,,174.62,-50.83,,,,00:00:00,0000-00-00,0.000000,0.000000,0.000000,0,0.000000,13:38:47,2024-05-10,-0.49,-0.000,-0.002,-9999.000,0.109,0.192,-9999.000,1,150,0.005,2.000000,0,rectangular,7000,500,-9999.000000,-9999.000000,55537,55537,55537,0.000000,-9999,0.000000,0.000000,0.000000,0.000000,2.438031,2.502475,1.651641,0.897269,0.269532,-0.013357,0.508671,0.122971,81.755875,0.000423,2.368202,-0.000033,1.000000,2.426428,-0.000040,1.000000,0.602049,0.601182,0.107400,0.000000,PSF-00189_20240510143433,PFA-00183,PSA-00195,PSF-00189,RHS-00549,2.0.0,2023-06-15T18:05:35.947Z
6,14:38:05,2024-05-10,DURIN config,Nicole Bison,,29706,,,0.028351,2.917302,0.028078,0.458769,1.435551,1.422637,3.048077,1.612526,14.095009,14.222954,30.199316,0.441786,PSF-00189_20240510143805,0.000000,0.000000,0.000000,91.289879,446.884644,0.795719,0.5,0.80,5.891478,44.46,44.06,25.26,24.29,100.93,156.2,142.1,9.0,19,3.680,6,178,120,,,173.68,-41.53,,,,00:00:00,0000-00-00,0.000000,0.000000,0.000000,0,0.000000,14:35:03,2024-05-10,-0.57,-0.003,-0.004,-9999.000,0.448,1.282,-9999.000,1,150,0.005,2.000000,0,rectangular,7000,500,-9999.000000,-9999.000000,55537,55537,55537,0.000000,-9999,0.000000,0.000000,0.000000,0.000000,2.438101,2.502512,1.651207,0.896005,0.269947,-0.010073,0.517539,0.122941,91.289879,0.000422,2.368202,-0.000033,1.000000,2.426428,-0.000040,1.000000,0.602049,0.601182,0.107400,0.000000,PSF-00189_20240510143805,PFA-00183,PSA-00195,PSF-00189,RHS-00549,2.0.0,2023-06-15T18:05:35.947Z
7,14:41:37,2024-05-10,DURIN config,Nicole Bison,,22209,,,0.029493,2.917055,0.029197,0.471929,1.458249,1.444967,3.053065,1.594816,14.317412,14.449021,30.251207,0.441786,PSF-00189_20240510144137,0.000000,0.000000,0.000000,90.125801,441.476227,0.795854,0.5,0.80,5.771245,45.11,44.70,25.28,24.32,100.92,156.1,140.2,10.2,18,3.645,1,-179,211,,,178.59,-14.00,,,,00:00:00,0000-00-00,0.000000,0.000000,0.000000,0,0.000000,14:35:03,2024-05-10,-0.57,-0.001,0.000,-9999.000,0.003,0.009,-9999.000,1,150,0.005,2.000000,0,rectangular,7000,500,-9999.000000,-9999.000000,55537,55537,55537,0.000000,-9999,0.000000,0.000000,0.000000,0.000000,2.438968,2.503456,1.650949,0.891310,0.269725,-0.009997,0.525889,0.122621,90.125801,0.000419,2.368202,-0.000033,1.000000,2.426428,-0.000040,1.000000,0.602049,0.601182,0.107400,0.000000,PSF-00189_20240510144137,PFA-00183,PSA-00195,PSF-00189,RHS-00549,2.0.0,2023-06-15T18:05:35.947Z
8,14:45:26,2024-05-10,DURIN config,Nicole Bison,,25315,,,0.362216,2.915753,0.322191,3.474223,1.528977,1.431162,2.595024,1.066047,14.180489,15.149670,25.712463,0.441786,PSF-00189_20240510144526,0.000000,0.000000,0.000000,153.678055,418.367371,0.632672,0.5,0.80,3.545626,47.13,44.11,25.34,21.64,100.92,156.0,152.2,2.4,14,3.642,12,177,108,,,167.64,-57.85,,,,00:00:00,0000-00-00,0.000000,0.000000,0.000000,0,0.000000,14:35:03,2024-05-10,-0.57,0.003,0.005,0.016,-0.459,-0.732,-1.215,1,150,0.005,2.000000,0,rectangular,7000,500,-9999.000000,-9999.000000,55537,55537,55537,0.000000,-9999,0.000000,0.000000,0.000000,0.000000,2.438152,2.506382,1.649587,0.921254,0.269072,-0.041782,0.534925,0.119163,153.678055,0.000434,2.368202,-0.000033,1.000000,2.426428,-0.000040,1.000000,0.602049,0.601182,0.107400,0.000000,PSF-00189_20240510144526,PFA-00183,PSA-00195,PSF-00189,RHS-00549,2.0.0,2023-06-15T18:05:35.947Z
9,14:48:18,2024-05-10,DURIN config,Nicole Bison,,20107,,,0.008070,2.917212,0.008048,0.129083,1.447451,1.443819,3.030112,1.582661,14.307203,14.343202,30.026230,0.441786,PSF-00189_20240510144818,0.000000,0.000000,0.000000,96.442940,480.670105,0.799357,0.5,0.80,4.737041,44.40,44.29,25.42,24.19,100.92,156.1,145.1,7.1,15,3.670,16,179,104,,,163.97,-72.38,,,,00:00:00,0000-00-00,0.000000,0.000000,0.000000,0,0.000000,14:45:47,2024-05-10,-0.49,0.002,0.000,-9999.000,0.269,0.573,-9999.000,1,150,0.005,2.000000,0,rectangular,7000,500,-9999.000000,-9999.000000,55537,55537,55537,0.000000,-9999,0.000000,0.000000,0.000000,0.000000,2.438381,2.502271,1.651113,0.903435,0.268218,-0.013143,0.541369,0.119839,96.442940,0.000422,2.368202,-0.000033,1.000000,2.426428,-0.000040,1.000000,0.602049,0.601182,0.107400,0.000000,PSF-00189_20240510144818,PFA-00183,PSA-00195,PSF-00189,RHS-00549,2.0.0,2023-06-15T18:05:35.947Z
10,14:51:32,2024-05-10,DURIN config,Nicole Bison,,27059,,,0.020382,2.916449,0.020240,0.324734,1.451956,1.442813,3.034996,1.583039,14.297589,14.388199,30.075367,0.441786,PSF-00189_20240510145132,0.000000,0.000000,0.000000,97.608444,468.566193,0.791687,0.5,0.80,5.809150,44.33,44.05,25.50,24.22,100.91,156.1,135.5,13.2,18,3.666,5,-175,102,,,172.93,-123.11,,,,00:00:00,0000-00-00,0.000000,0.000000,0.000000,0,0.000000,14:45:47,2024-05-10,-0.49,-0.001,-0.000,-9999.000,0.384,0.775,-9999.000,1,150,0.005,2.000000,0,rectangular,7000,500,-9999.000000,-9999.000000,55537,55537,55537,0.000000,-9999,0.000000,0.000000,0.000000,0.000000,2.438037,2.502148,1.650314,0.879794,0.267372,-0.013769,0.548646,0.122802,97.608444,0.000449,2.368202,-0.000033,1.000000,2.426428,-0.000040,1.000000,0.602049,0.601182,0.107400,0.000000,PSF-00189_20240510145132,PFA-00183,PSA-00195,PSF-00189,RHS-00549,2.0.0,2023-06-15T18:05:35.947Z
11,14:54:55,2024-05-10,DURIN config,Nicole Bison,,28395,,,0.096742,2.918632,0.093638,1.228200,1.545058,1.510570,2.839793,1.294735,14.970479,15.312269,28.143719,0.441786,PSF-00189_20240510145455,0.000000,0.000000,0.000000,105.922577,491.973633,0.784699,0.5,0.80,6.188785,47.10,46.05,25.52,23.12,100.90,156.3,131.8,15.7,20,3.633,11,179,121,,,168.96,-53.77,,,,00:00:00,0000-00-00,0.000000,0.000000,0.000000,0,0.000000,14:45:47,2024-05-10,-0.49,0.003,0.003,-9999.000,0.364,0.941,-9999.000,1,150,0.005,2.000000,0,rectangular,7000,500,-9999.000000,-9999.000000,55537,55537,55537,0.000000,-9999,0.000000,0.000000,0.000000,0.000000,2.440755,2.506183,1.652603,0.870836,0.267091,-0.026943,0.556021,0.123954,105.922577,0.000446,2.368202,-0.000033,1.000000,2.426428,-0.000040,1.000000,0.602049,0.601182,0.107400,0.000000,PSF-00189_20240510145455,PFA-00183,PSA-00195,PSF-00189,RHS-00549,2.0.0,2023-06-15T18:05:35.947Z
12,14:58:37,2024-05-10,DURIN config,Nicole Bison,,28882,,,0.036084,2.916688,0.035643,0.569297,1.564132,1.548125,3.138140,1.574008,15.343659,15.502299,31.102488,0.441786,PSF-00189_20240510145837,0.000000,0.000000,0.000000,93.029381,450.478790,0.793488,0.5,0.80,6.659907,47.38,46.89,25.63,24.78,100.90,156.1,153.0,2.0,21,3.661,4,176,117,,,174.35,-17.93,,,,00:00:00,0000-00-00,0.000000,0.000000,0.000000,0,0.000000,14:45:47,2024-05-10,-0.49,0.002,-0.001,-0.012,-0.051,-0.177,-0.163,1,150,0.005,2.000000,0,rectangular,7000,500,-9999.000000,-9999.000000,55537,55537,55537,0.000000,-9999,0.000000,0.000000,0.000000,0.000000,2.441876,2.506559,1.650564,0.923377,0.265942,-0.008805,0.564154,0.125017,93.029381,0.000430,2.368202,-0.000033,1.000000,2.426428,-0.000040,1.000000,0.602049,0.601182,0.107400,0.000000,PSF-00189_20240510145837,PFA-00183,PSA-00195,PSF-00189,RHS-00549,2.0.0,2023-06-15T18:05:35.947Z
13,15:03:08,2024-05-10,DURIN config,Nicole Bison,,29332,,,0.028590,2.917368,0.028312,0.458972,1.555620,1.542722,3.152988,1.597368,15.291094,15.418933,31.251665,0.441786,PSF-00189_20240510150308,0.000000,0.000000,0.000000,113.839027,448.586212,0.746227,0.5,0.80,5.378314,46.64,46.25,25.80,24.86,100.89,156.2,132.6,15.1,18,3.654,1,177,112,,,176.84,3.58,,,,00:00:00,0000-00-00,0.000000,0.000000,0.000000,0,0.000000,14:58:58,2024-05-10,-0.54,-0.002,0.001,-9999.000,0.171,1.218,-9999.000,1,150,0.005,2.000000,0,rectangular,7000,500,-9999.000000,-9999.000000,55537,55537,55537,0.000000,-9999,0.000000,0.000000,0.000000,0.000000,2.440970,2.505516,1.651276,0.872707,0.264120,-0.009929,0.573225,0.122528,113.839027,0.000425,2.368202,-0.000033,1.000000,2.426428,-0.000040,1.000000,0.602049,0.601182,0.107400,0.000000,PSF-00189_20240510150308,PFA-00183,PSA-00195,PSF-00189,RHS-00549,2.0.0,2023-06-15T18:05:35.947Z
14,15:06:48,2024-05-10,DURIN config,Nicole Bison,,21991,,,0.050168,2.916182,0.049319,0.757182,1.503401,1.482093,3.017607,1.514205,14.690331,14.901539,29.910166,0.441786,PSF-00189_20240510150648,0.000000,0.000000,0.000000,91.376785,449.961304,0.796923,0.5,0.80,5.941803,44.82,44.18,25.90,24.13,100.89,156.0,155.6,0.3,19,3.653,4,-179,107,,,175.88,-87.05,,,,00:00:00,0000-00-00,0.000000,0.000000,0.000000,0,0.000000,14:58:58,2024-05-10,-0.54,0.000,-0.001,-9999.000,0.009,0.130,-9999.000,1,150,0.005,2.000000,0,rectangular,7000,500,-9999.000000,-9999.000000,55537,55537,55537,0.000000,-9999,0.000000,0.000000,0.000000,0.000000,2.438130,2.502840,1.650035,0.929965,0.263116,-0.019682,0.580474,0.123050,91.376785,0.000438,2.368202,-0.000033,1.000000,2.426428,-0.000040,1.000000,0.602049,0.601182,0.107400,0.000000,PSF-00189_20240510150648,PFA-00183,PSA-00195,PSF-00189,RHS-00549,2.0.0,2023-06-15T18:05:35.947Z
15,15:09:18,2024-05-10,DURIN config,Nicole Bison,,21589,,,0.016118,2.917767,0.016030,0.270007,1.484589,1.477000,3.144889,1.660300,14.640827,14.716063,31.173861,0.441786,PSF-00189_20240510150918,0.000000,0.000000,0.000000,92.887047,413.940674,0.775603,0.5,0.80,5.842838,44.14,43.92,25.94,24.82,100.88,156.2,137.6,11.9,19,3.651,3,-177,109,,,175.76,-116.04,,,,00:00:00,0000-00-00,0.000000,0.000000,0.000000,0,0.000000,14:58:58,2024-05-10,-0.54,-0.001,-0.003,-9999.000,0.193,0.757,-9999.000,1,150,0.005,2.000000,0,rectangular,7000,500,-9999.000000,-9999.000000,55537,55537,55537,0.000000,-9999,0.000000,0.000000,0.000000,0.000000,2.437756,2.501840,1.651695,0.885001,0.262654,-0.012103,0.585413,0.123212,92.887047,0.000434,2.368202,-0.000033,1.000000,2.426428,-0.000040,1.000000,0.602049,0.601182,0.107400,0.000000,PSF-00189_20240510150918,PFA-00183,PSA-00195,PSF-00189,RHS-00549,2.0.0,2023-06-15T18:05:35.947Z
16,15:11:50,2024-05-10,DURIN config,Nicole Bison,,24427,,,0.012415,2.916039,0.012362,0.202283,1.461419,1.455724,3.074934,1.613515,14.431149,14.487604,30.482998,0.441786,PSF-00189_20240510151150,0.000000,0.000000,0.000000,105.378273,460.222351,0.771028,0.5,0.80,6.239657,43.30,43.13,26.01,24.44,100.87,156.0,143.5,8.0,20,3.650,6,-178,102,,,173.68,-96.47,,,,00:00:00,0000-00-00,0.000000,0.000000,0.000000,0,0.000000,15:11:43,2024-05-10,-0.46,0.002,0.000,-9999.000,1.254,3.006,-9999.000,1,150,0.005,2.000000,0,rectangular,7000,500,-9999.000000,-9999.000000,55537,55537,55537,0.000000,-9999,0.000000,0.000000,0.000000,0.000000,2.436661,2.500474,1.649886,0.899429,0.262012,-0.017262,0.590083,0.124386,105.378273,0.000455,2.368202,-0.000033,1.000000,2.426428,-0.000040,1.000000,0.602049,0.601182,0.107400,0.000000,PSF-00189_20240510151150,PFA-00183,PSA-00195,PSF-00189,RHS-00549,2.0.0,2023-06-15T18:05:35.947Z
17,15:19:54,2024-05-10,DURIN config,Nicole Bison,,28832,,,0.017398,2.919439,0.017295,0.285592,1.422962,1.414940,3.051768,1.628806,14.026425,14.105948,30.252445,0.441786,PSF-00189_20240510151954,0.000000,0.000000,0.000000,92.932106,438.570862,0.788102,0.5,0.80,5.566792,41.89,41.66,26.11,24.31,100.88,156.4,136.9,12.5,18,3.644,0,178,62,,,178.00,-28.00,,,,00:00:00,0000-00-00,0.000000,0.000000,0.000000,0,0.000000,15:11:43,2024-05-10,-0.46,-0.001,0.002,-9999.000,0.081,0.163,-9999.000,1,150,0.005,2.000000,0,rectangular,7000,500,-9999.000000,-9999.000000,55537,55537,55537,0.000000,-9999,0.000000,0.000000,0.000000,0.000000,2.434615,2.498382,1.653453,0.883219,0.260902,-0.020015,0.604826,0.122226,92.932106,0.000421,2.368202,-0.000033,1.000000,2.426428,-0.000040,1.000000,0.602049,0.601182,0.107400,0.000000,PSF-00189_20240510151954,PFA-00183,PSA-00195,PSF-00189,RHS-00549,2.0.0,2023-06-15T18:05:35.947Z
18,15:24:35,2024-05-10,DURIN config,Nicole Bison,,24778,,,0.309076,2.917630,0.279470,3.626880,1.610164,1.508335,2.890100,1.279936,14.952372,15.961813,28.650023,0.441786,PSF-00189_20240510152435,0.000000,0.000000,0.000000,106.805923,467.713593,0.771642,0.5,0.80,5.550579,47.26,44.27,26.16,23.41,100.88,156.2,144.8,7.3,18,3.639,-1,-179,220,,,178.59,-95.00,,,,00:00:00,0000-00-00,0.000000,0.000000,0.000000,0,0.000000,15:11:43,2024-05-10,-0.46,0.001,0.003,0.015,-0.487,-0.632,1.861,1,150,0.005,2.000000,0,rectangular,7000,500,-9999.000000,-9999.000000,55537,55537,55537,0.000000,-9999,0.000000,0.000000,0.000000,0.000000,2.438197,2.506228,1.651551,0.902621,0.260382,-0.031168,0.613214,0.122498,106.805923,0.000437,2.368202,-0.000033,1.000000,2.426428,-0.000040,1.000000,0.602049,0.601182,0.107400,0.000000,PSF-00189_20240510152435,PFA-00183,PSA-00195,PSF-00189,RHS-00549,2.0.0,2023-06-15T18:05:35.947Z
1,15:45:37,2024-05-10,DURIN config,Nicole Bison,,27120,,,0.026024,2.919295,0.025794,0.466022,1.354212,1.341116,3.135565,1.781353,13.299380,13.429248,31.094303,0.441786,PSF-00189_20240510154537,0.000000,0.000000,0.000000,92.054840,461.969360,0.800734,0.5,0.80,5.822052,40.15,39.76,25.99,24.77,100.84,156.4,137.8,11.9,18,3.601,-2,178,124,,,177.17,78.98,,,,00:00:00,0000-00-00,0.000000,0.000000,0.000000,0,0.000000,15:45:28,2024-05-10,-0.45,-0.000,0.000,-9999.000,0.175,0.300,-9999.000,1,150,0.005,2.000000,0,rectangular,7000,500,-9999.000000,-9999.000000,55537,55537,55537,0.000000,-9999,0.000000,0.000000,0.000000,0.000000,2.432019,2.495816,1.653301,0.885492,0.262149,-0.013266,0.170519,0.122661,92.054840,0.000430,2.368202,-0.000033,1.000000,2.426428,-0.000040,1.000000,0.602049,0.601182,0.107400,0.000000,PSF-00189_20240510154537,PFA-00183,PSA-00195,PSF-00189,RHS-00549,2.0.0,2023-06-15T18:05:35.947Z
2,15:49:56,2024-05-10,DURIN config,Nicole Bison,,26068,,,0.017287,2.916698,0.017185,0.324814,1.344603,1.335456,3.207446,1.862844,13.244105,13.334816,31.809174,0.441786,PSF-00189_20240510154956,0.000000,0.000000,0.000000,147.484299,485.999817,0.696534,0.5,0.80,5.449299,39.64,39.37,26.09,25.15,100.83,156.1,146.6,6.1,20,3.629,5,-175,116,,,172.93,-109.11,,,,00:00:00,0000-00-00,0.000000,0.000000,0.000000,0,0.000000,15:45:28,2024-05-10,-0.45,0.002,-0.000,-9999.000,1.848,10.715,-9999.000,1,150,0.005,2.000000,0,rectangular,7000,500,-9999.000000,-9999.000000,55537,55537,55537,0.000000,-9999,0.000000,0.000000,0.000000,0.000000,2.431448,2.495029,1.650575,0.907115,0.261129,-0.009951,0.208431,0.123821,147.484299,0.000437,2.368202,-0.000033,1.000000,2.426428,-0.000040,1.000000,0.602049,0.601182,0.107400,0.000000,PSF-00189_20240510154956,PFA-00183,PSA-00195,PSF-00189,RHS-00549,2.0.0,2023-06-15T18:05:35.947Z
3,15:53:09,2024-05-10,DURIN config,Nicole Bison,,27967,,,0.428643,2.917948,0.373741,4.811181,1.465180,1.329997,2.736151,1.270972,13.190229,14.530898,27.135744,0.441786,PSF-00189_20240510155309,0.000000,0.000000,0.000000,106.678963,472.106323,0.774036,0.5,0.80,5.804922,42.95,38.99,26.18,22.50,100.83,156.2,145.6,6.8,19,3.627,3,-176,113,,,175.00,-120.19,,,,00:00:00,0000-00-00,0.000000,0.000000,0.000000,0,0.000000,15:45:28,2024-05-10,-0.45,0.002,0.005,0.010,0.383,0.884,2.100,1,150,0.005,2.000000,0,rectangular,7000,500,-9999.000000,-9999.000000,55537,55537,55537,0.000000,-9999,0.000000,0.000000,0.000000,0.000000,2.430905,2.499913,1.651885,0.904656,0.260158,-0.041869,0.231467,0.123141,106.678963,0.000434,2.368202,-0.000033,1.000000,2.426428,-0.000040,1.000000,0.602049,0.601182,0.107400,0.000000,PSF-00189_20240510155309,PFA-00183,PSA-00195,PSF-00189,RHS-00549,2.0.0,2023-06-15T18:05:35.947Z
4,15:55:28,2024-05-10,DURIN config,Nicole Bison,,26743,,,0.224565,2.914495,0.208500,2.972492,1.461759,1.378016,2.868305,1.406546,13.667471,14.498055,28.448492,0.441786,PSF-00189_20240510155528,0.000000,0.000000,0.000000,93.651291,472.567688,0.801825,0.5,0.80,6.269070,42.74,40.29,26.23,23.28,100.82,155.8,133.5,14.3,20,3.625,10,179,233,,,169.95,58.74,,,,00:00:00,0000-00-00,0.000000,0.000000,0.000000,0,0.000000,15:45:28,2024-05-10,-0.45,-0.000,0.002,-9999.000,0.099,0.305,-9999.000,1,150,0.005,2.000000,0,rectangular,7000,500,-9999.000000,-9999.000000,55537,55537,55537,0.000000,-9999,0.000000,0.000000,0.000000,0.000000,2.432709,2.499596,1.648275,0.875045,0.259711,-0.033395,0.246688,0.123811,93.651291,0.000433,2.368202,-0.000033,1.000000,2.426428,-0.000040,1.000000,0.602049,0.601182,0.107400,0.000000,PSF-00189_20240510155528,PFA-00183,PSA-00195,PSF-00189,RHS-00549,2.0.0,2023-06-15T18:05:35.947Z
5,15:57:13,2024-05-10,DURIN config,Nicole Bison,,24604,,,0.014287,2.918502,0.014217,0.269370,1.390833,1.383262,3.257195,1.866362,13.718959,13.794044,32.304310,0.441786,PSF-00189_20240510155713,0.000000,0.000000,0.000000,91.160057,429.160248,0.787585,0.5,0.80,5.678945,40.54,40.32,26.28,25.40,100.83,156.3,150.2,3.9,18,3.588,5,179,155,,,174.90,-13.67,,,,00:00:00,0000-00-00,0.000000,0.000000,0.000000,0,0.000000,15:55:54,2024-05-10,-0.45,-0.001,-0.001,-9999.000,0.060,0.199,-9999.000,1,150,0.005,2.000000,0,rectangular,7000,500,-9999.000000,-9999.000000,55537,55537,55537,0.000000,-9999,0.000000,0.000000,0.000000,0.000000,2.432733,2.496330,1.652467,0.916315,0.259156,-0.009167,0.257790,0.122535,91.160057,0.000428,2.368202,-0.000033,1.000000,2.426428,-0.000040,1.000000,0.602049,0.601182,0.107400,0.000000,PSF-00189_20240510155713,PFA-00183,PSA-00195,PSF-00189,RHS-00549,2.0.0,2023-06-15T18:05:35.947Z
6,15:59:02,2024-05-10,DURIN config,Nicole Bison,,24762,,,0.103188,2.918449,0.099664,1.640726,1.411887,1.365780,3.035236,1.623349,13.545068,14.002333,30.101835,0.441786,PSF-00189_20240510155902,0.000000,0.000000,0.000000,237.869385,391.118652,0.391823,0.5,0.80,2.901244,41.05,39.71,26.32,24.22,100.83,156.3,146.6,6.2,19,3.587,3,-179,250,,,176.84,51.56,,,,00:00:00,0000-00-00,0.000000,0.000000,0.000000,0,0.000000,15:55:54,2024-05-10,-0.45,0.001,0.000,-9999.000,9.176,23.436,-9999.000,1,150,0.005,2.000000,0,rectangular,7000,500,-9999.000000,-9999.000000,55537,55537,55537,0.000000,-9999,0.000000,0.000000,0.000000,0.000000,2.431882,2.497079,1.652411,0.907235,0.258724,-0.023592,0.268894,0.122942,237.869385,0.000422,2.368202,-0.000033,1.000000,2.426428,-0.000040,1.000000,0.602049,0.601182,0.107400,0.000000,PSF-00189_20240510155902,PFA-00183,PSA-00195,PSF-00189,RHS-00549,2.0.0,2023-06-15T18:05:35.947Z
7,16:01:03,2024-05-10,DURIN config,Nicole Bison,,21941,,,0.009736,2.916862,0.009703,0.179884,1.358720,1.353657,3.185790,1.827070,13.425370,13.475593,31.596203,0.441786,PSF-00189_20240510160103,0.000000,0.000000,0.000000,90.616104,450.803864,0.798990,0.5,0.80,5.922636,39.35,39.20,26.39,25.03,100.83,156.1,133.5,14.5,19,3.622,3,176,117,,,175.00,-9.81,,,,00:00:00,0000-00-00,0.000000,0.000000,0.000000,0,0.000000,15:55:54,2024-05-10,-0.45,-0.001,-0.001,-9999.000,0.006,0.083,-9999.000,1,150,0.005,2.000000,0,rectangular,7000,500,-9999.000000,-9999.000000,55537,55537,55537,0.000000,-9999,0.000000,0.000000,0.000000,0.000000,2.431162,2.494538,1.650747,0.875056,0.258035,-0.014877,0.280611,0.122959,90.616104,0.000431,2.368202,-0.000033,1.000000,2.426428,-0.000040,1.000000,0.602049,0.601182,0.107400,0.000000,PSF-00189_20240510160103,PFA-00183,PSA-00195,PSF-00189,RHS-00549,2.0.0,2023-06-15T18:05:35.947Z
8,16:03:02,2024-05-10,DURIN config,Nicole Bison,,22303,,,0.035518,2.917763,0.035091,0.671088,1.346219,1.327338,3.230793,1.884574,13.163919,13.351174,32.041508,0.441786,PSF-00189_20240510160302,0.000000,0.000000,0.000000,89.871529,444.713837,0.797912,0.5,0.80,5.781275,38.82,38.28,26.46,25.27,100.83,156.2,154.1,1.3,18,3.621,1,-178,107,,,177.76,-136.45,,,,00:00:00,0000-00-00,0.000000,0.000000,0.000000,0,0.000000,15:55:54,2024-05-10,-0.45,-0.000,0.001,-9999.000,0.179,0.503,-9999.000,1,150,0.005,2.000000,0,rectangular,7000,500,-9999.000000,-9999.000000,55537,55537,55537,0.000000,-9999,0.000000,0.000000,0.000000,0.000000,2.429859,2.493737,1.651691,0.926148,0.257296,-0.012957,0.291754,0.122608,89.871529,0.000437,2.368202,-0.000033,1.000000,2.426428,-0.000040,1.000000,0.602049,0.601182,0.107400,0.000000,PSF-00189_20240510160302,PFA-00183,PSA-00195,PSF-00189,RHS-00549,2.0.0,2023-06-15T18:05:35.947Z
9,16:04:57,2024-05-10,DURIN config,Nicole Bison,,20773,,,0.005916,2.914441,0.005904,0.119169,1.371630,1.368269,3.358914,1.987285,13.570464,13.603794,33.313641,0.441786,PSF-00189_20240510160457,0.000000,0.000000,0.000000,94.537857,453.058350,0.791334,0.5,0.80,5.735505,39.39,39.29,26.53,25.92,100.83,155.8,143.1,8.2,18,3.620,0,178,111,,,178.00,21.00,,,,00:00:00,0000-00-00,0.000000,0.000000,0.000000,0,0.000000,15:55:54,2024-05-10,-0.45,0.001,-0.002,-9999.000,0.310,1.435,-9999.000,1,150,0.005,2.000000,0,rectangular,7000,500,-9999.000000,-9999.000000,55537,55537,55537,0.000000,-9999,0.000000,0.000000,0.000000,0.000000,2.431257,2.494565,1.648218,0.898451,0.256563,-0.006036,0.302320,0.122613,94.537857,0.000429,2.368202,-0.000033,1.000000,2.426428,-0.000040,1.000000,0.602049,0.601182,0.107400,0.000000,PSF-00189_20240510160457,PFA-00183,PSA-00195,PSF-00189,RHS-00549,2.0.0,2023-06-15T18:05:35.947Z
10,16:07:06,2024-05-10,DURIN config,Nicole Bison,,29801,,,0.126376,2.916584,0.121127,2.092709,1.425453,1.366571,3.128050,1.702597,13.553988,14.137995,31.024776,0.441786,PSF-00189_20240510160706,0.000000,0.000000,0.000000,94.826103,431.880707,0.780434,0.5,0.80,5.359844,40.70,39.02,26.63,24.73,100.82,156.1,128.8,17.5,17,3.619,4,-176,115,,,174.35,-110.07,,,,00:00:00,0000-00-00,0.000000,0.000000,0.000000,0,0.000000,15:55:54,2024-05-10,-0.45,0.000,0.001,-9999.000,0.061,0.024,-9999.000,1,150,0.005,2.000000,0,rectangular,7000,500,-9999.000000,-9999.000000,55537,55537,55537,0.000000,-9999,0.000000,0.000000,0.000000,0.000000,2.430855,2.496487,1.650455,0.863762,0.255560,-0.021391,0.313727,0.121815,94.826103,0.000428,2.368202,-0.000033,1.000000,2.426428,-0.000040,1.000000,0.602049,0.601182,0.107400,0.000000,PSF-00189_20240510160706,PFA-00183,PSA-00195,PSF-00189,RHS-00549,2.0.0,2023-06-15T18:05:35.947Z
11,16:09:42,2024-05-10,DURIN config,Nicole Bison,,23588,,,0.064679,2.918457,0.063277,1.143673,1.381042,1.348898,3.162175,1.781133,13.379636,13.698470,31.365421,0.441786,PSF-00189_20240510160942,0.000000,0.000000,0.000000,100.539566,435.331116,0.769050,0.5,0.80,5.455279,39.11,38.20,26.77,24.91,100.82,156.3,129.8,16.9,18,3.617,4,178,112,,,175.53,-41.41,,,,00:00:00,0000-00-00,0.000000,0.000000,0.000000,0,0.000000,16:07:42,2024-05-10,-0.44,0.001,0.001,-9999.000,0.126,0.129,-9999.000,1,150,0.005,2.000000,0,rectangular,7000,500,-9999.000000,-9999.000000,55537,55537,55537,0.000000,-9999,0.000000,0.000000,0.000000,0.000000,2.429693,2.494089,1.652420,0.866136,0.254169,-0.020899,0.327054,0.122289,100.539566,0.000430,2.368202,-0.000033,1.000000,2.426428,-0.000040,1.000000,0.602049,0.601182,0.107400,0.000000,PSF-00189_20240510160942,PFA-00183,PSA-00195,PSF-00189,RHS-00549,2.0.0,2023-06-15T18:05:35.947Z
12,16:11:46,2024-05-10,DURIN config,Nicole Bison,,24341,,,0.038642,2.916961,0.038137,0.703353,1.425427,1.405647,3.241458,1.816032,13.944668,14.140892,32.156765,0.441786,PSF-00189_20240510161146,0.000000,0.000000,0.000000,91.523048,418.466797,0.781290,0.5,0.80,5.249770,40.22,39.66,26.83,25.32,100.80,156.1,131.9,15.5,17,3.616,0,-179,253,,,179.00,-17.00,,,,00:00:00,0000-00-00,0.000000,0.000000,0.000000,0,0.000000,16:07:42,2024-05-10,-0.44,0.000,0.004,-9999.000,-0.122,-0.144,-9999.000,1,150,0.005,2.000000,0,rectangular,7000,500,-9999.000000,-9999.000000,55537,55537,55537,0.000000,-9999,0.000000,0.000000,0.000000,0.000000,2.431713,2.495722,1.650851,0.871112,0.253537,-0.016743,0.337242,0.121504,91.523048,0.000436,2.368202,-0.000033,1.000000,2.426428,-0.000040,1.000000,0.602049,0.601182,0.107400,0.000000,PSF-00189_20240510161146,PFA-00183,PSA-00195,PSF-00189,RHS-00549,2.0.0,2023-06-15T18:05:35.947Z
13,16:15:20,2024-05-10,DURIN config,Nicole Bison,,27901,,,0.043008,2.917754,0.042383,0.858504,1.432447,1.408322,3.424950,1.992503,13.972076,14.211419,33.979191,0.441786,PSF-00189_20240510161520,0.000000,0.000000,0.000000,80.144409,286.589752,0.720351,0.5,0.80,3.166191,39.98,39.31,27.02,26.25,100.80,156.2,144.4,7.5,11,3.610,9,-177,100,,,170.52,-98.52,,,,00:00:00,0000-00-00,0.000000,0.000000,0.000000,0,0.000000,16:07:42,2024-05-10,-0.44,-0.001,-0.001,-9999.000,0.546,0.276,-9999.000,1,150,0.005,2.000000,0,rectangular,7000,500,-9999.000000,-9999.000000,55537,55537,55537,0.000000,-9999,0.000000,0.000000,0.000000,0.000000,2.431182,2.495325,1.651681,0.901816,0.251672,-0.007933,0.354378,0.116626,80.144409,0.000445,2.368202,-0.000033,1.000000,2.426428,-0.000040,1.000000,0.602049,0.601182,0.107400,0.000000,PSF-00189_20240510161520,PFA-00183,PSA-00195,PSF-00189,RHS-00549,2.0.0,2023-06-15T18:05:35.947Z
14,16:17:30,2024-05-10,DURIN config,Nicole Bison,,22603,,,0.195357,2.915905,0.183091,2.837527,1.467378,1.387552,2.994946,1.527568,13.765808,14.557755,29.712648,0.441786,PSF-00189_20240510161730,0.000000,0.000000,0.000000,101.634262,431.962616,0.764715,0.5,0.80,4.913513,40.76,38.55,27.10,24.00,100.80,156.0,135.6,13.1,16,3.613,8,177,105,,,171.46,-54.37,,,,00:00:00,0000-00-00,0.000000,0.000000,0.000000,0,0.000000,16:07:42,2024-05-10,-0.44,-0.001,0.000,-9999.000,-0.053,0.041,-9999.000,1,150,0.005,2.000000,0,rectangular,7000,500,-9999.000000,-9999.000000,55537,55537,55537,0.000000,-9999,0.000000,0.000000,0.000000,0.000000,2.430110,2.496470,1.649746,0.879971,0.250880,-0.035473,0.364092,0.120886,101.634262,0.000436,2.368202,-0.000033,1.000000,2.426428,-0.000040,1.000000,0.602049,0.601182,0.107400,0.000000,PSF-00189_20240510161730,PFA-00183,PSA-00195,PSF-00189,RHS-00549,2.0.0,2023-06-15T18:05:35.947Z
15,16:19:50,2024-05-10,DURIN config,Nicole Bison,,27826,,,0.041770,2.916156,0.041180,0.848486,1.400386,1.376503,3.427623,2.027237,13.655450,13.892374,34.003349,0.441786,PSF-00189_20240510161950,0.000000,0.000000,0.000000,111.483696,377.323151,0.704540,0.5,0.80,4.383783,38.76,38.10,27.16,26.27,100.80,156.0,129.2,17.2,16,3.606,7,-177,108,,,172.39,-95.27,,,,00:00:00,0000-00-00,0.000000,0.000000,0.000000,0,0.000000,16:17:51,2024-05-10,-0.45,-0.000,-0.000,-9999.000,-0.479,-0.856,-9999.000,1,150,0.005,2.000000,0,rectangular,7000,500,-9999.000000,-9999.000000,55537,55537,55537,0.000000,-9999,0.000000,0.000000,0.000000,0.000000,2.429483,2.493507,1.650007,0.864636,0.250279,-0.009459,0.374457,0.120460,111.483696,0.000438,2.368202,-0.000033,1.000000,2.426428,-0.000040,1.000000,0.602049,0.601182,0.107400,0.000000,PSF-00189_20240510161950,PFA-00183,PSA-00195,PSF-00189,RHS-00549,2.0.0,2023-06-15T18:05:35.947Z
16,16:21:55,2024-05-10,DURIN config,Nicole Bison,,26103,,,0.021822,2.917444,0.021660,0.443569,1.410819,1.398348,3.425591,2.014772,13.872221,13.995941,33.983364,0.441786,PSF-00189_20240510162155,0.000000,0.000000,0.000000,85.441589,300.433868,0.715606,0.5,0.80,3.856289,38.96,38.62,27.20,26.26,100.80,156.2,136.4,12.7,13,3.611,16,-177,110,,,163.73,-80.77,,,,00:00:00,0000-00-00,0.000000,0.000000,0.000000,0,0.000000,16:17:51,2024-05-10,-0.45,-0.002,-0.002,-9999.000,-0.189,0.054,-9999.000,1,150,0.005,2.000000,0,rectangular,7000,500,-9999.000000,-9999.000000,55537,55537,55537,0.000000,-9999,0.000000,0.000000,0.000000,0.000000,2.430191,2.493792,1.651356,0.881995,0.249882,-0.010062,0.383441,0.118711,85.441589,0.000431,2.368202,-0.000033,1.000000,2.426428,-0.000040,1.000000,0.602049,0.601182,0.107400,0.000000,PSF-00189_20240510162155,PFA-00183,PSA-00195,PSF-00189,RHS-00549,2.0.0,2023-06-15T18:05:35.947Z
17,16:23:54,2024-05-10,DURIN config,Nicole Bison,,24994,,,0.029709,2.917212,0.029409,0.589823,1.417133,1.400549,3.390455,1.973323,13.894778,14.059311,33.636555,0.441786,PSF-00189_20240510162354,0.000000,0.000000,0.000000,103.581909,408.429626,0.746390,0.5,0.80,5.223828,39.06,38.60,27.23,26.08,100.80,156.1,134.2,14.1,17,3.610,6,178,276,,,173.68,114.47,,,,00:00:00,0000-00-00,0.000000,0.000000,0.000000,0,0.000000,16:17:51,2024-05-10,-0.45,-0.000,0.000,-9999.000,-0.134,-0.461,-9999.000,1,150,0.005,2.000000,0,rectangular,7000,500,-9999.000000,-9999.000000,55537,55537,55537,0.000000,-9999,0.000000,0.000000,0.000000,0.000000,2.430159,2.493925,1.651114,0.876663,0.249535,-0.012567,0.391544,0.122090,103.581909,0.000433,2.368202,-0.000033,1.000000,2.426428,-0.000040,1.000000,0.602049,0.601182,0.107400,0.000000,PSF-00189_20240510162354,PFA-00183,PSA-00195,PSF-00189,RHS-00549,2.0.0,2023-06-15T18:05:35.947Z
18,16:25:54,2024-05-10,DURIN config,Nicole Bison,,26427,,,0.027490,2.917907,0.027233,0.556402,1.395366,1.379727,3.405699,2.010332,13.688344,13.843502,33.788116,0.441786,PSF-00189_20240510162554,0.000000,0.000000,0.000000,63.046932,259.197601,0.756761,0.5,0.80,4.009860,38.36,37.93,27.27,26.16,100.80,156.2,132.3,15.3,13,3.609,13,178,69,,,166.85,-102.18,,,,00:00:00,0000-00-00,0.000000,0.000000,0.000000,0,0.000000,16:17:51,2024-05-10,-0.45,0.000,-0.000,-9999.000,-0.071,-0.018,-9999.000,1,150,0.005,2.000000,0,rectangular,7000,500,-9999.000000,-9999.000000,55537,55537,55537,0.000000,-9999,0.000000,0.000000,0.000000,0.000000,2.429224,2.492885,1.651842,0.872005,0.249128,-0.012158,0.399860,0.118522,63.046932,0.000443,2.368202,-0.000033,1.000000,2.426428,-0.000040,1.000000,0.602049,0.601182,0.107400,0.000000,PSF-00189_20240510162554,PFA-00183,PSA-00195,PSF-00189,RHS-00549,2.0.0,2023-06-15T18:05:35.947Z