Obs#,Time,Date,configName,configAuthor,remark,unique_id,...8,...9,gsw,gbw,gtw,E_apparent,VPcham,VPref,VPleaf,VPDleaf,H2O_r,H2O_s,H2O_leaf,leaf_area,flashID,Fo,Fm,Fv/Fm,Fs,Fm',PhiPS2,PS2/1,abs,ETR,rh_s,rh_r,Tref,Tleaf,P_atm,flow,flow_s,leak_pct,Qamb,batt,match_time,match_date,rh_adj,gsw1sec,gsw2sec,gsw4sec,flr1sec,flr2sec,flr4sec,auto,flow_set,gsw_limit,gsw_period,dark,flash_type,flash_intensity,modrate,flr_limit,flr_period,P1_dur,P2_dur,P3_dur,P1_Fmax,P2_ramp,P2_slp,P3_Fmax,P3_Pred,P3_DeltaF,v_humA,v_humB,v_flowIn,v_flowOut,v_temp,v_irt,v_pres,v_par,v_F,i_LED,b_rhr,m_rhr,span_rhr,b_rhs,m_rhs,span_rhs,z_flowIn,z_flowOut,z_quantum,z_flr,flashId,lciSerNum,lcpSerNum,lcfSerNum,lcrhSerNum,version,configUpdatedAt
1,14:14:14,2024-05-13,DURIN config,Nicole Bison,NA,24837,NA,NA,0.038214,2.916898,0.037720,0.491007,1.334998,1.321181,2.621029,1.286031,13.110565,13.247679,26.009438,0.441786,PSF-00189_20240513141414,0,0,0,89.564323,413.693909,0.783501,0.5,0.8,15.039818,51.32,50.79,21.67,21.80,100.77,156.1,149.9,4.0,48,3.614,14:13:21,2024-05-13,-0.74,-0.003,-0.003,-9999,0.231,0.082,-9999,1,150,0.005,2.000000,0,rectangular,7000,500,-9999.000000,-9999.000000,55537,55537,55537,0,-9999,0,0,0,0,2.448065,2.513618,1.650784,0.915562,0.311539,0.002848,0.069449,0.147691,89.564323,0.000458,2.368202,-3.3e-5,1,2.426428,-4e-5,1,0.602049,0.601182,0.1074,0,PSF-00189_20240513141414,PFA-00183,PSA-00195,PSF-00189,RHS-00549,2.0.0,2023-06-15T18:05:35Z
2,14:16:29,2024-05-13,DURIN config,Nicole Bison,NA,26289,NA,NA,0.016233,2.917921,0.016143,0.230188,1.340175,1.333704,2.747788,1.407614,13.236539,13.300763,27.270832,0.441786,PSF-00189_20240513141629,0,0,0,84.652664,369.364868,0.770816,0.5,0.8,19.102489,50.15,49.91,22.11,22.57,100.76,156.2,153.4,1.8,62,3.612,14:13:21,2024-05-13,-0.74,-0.001,-0.004,-9999,-0.213,-0.29,-9999,1,150,0.005,2.000000,0,rectangular,7000,500,-9999.000000,-9999.000000,55537,55537,55537,0,-9999,0,0,0,0,2.446770,2.511814,1.651857,0.924237,0.306077,0.006706,0.087068,0.159417,84.652664,0.000455,2.368202,-3.3e-5,1,2.426428,-4e-5,1,0.602049,0.601182,0.1074,0,PSF-00189_20240513141629,PFA-00183,PSA-00195,PSF-00189,RHS-00549,2.0.0,2023-06-15T18:05:35Z
3,14:18:27,2024-05-13,DURIN config,Nicole Bison,NA,24543,NA,NA,0.011516,2.917742,0.011470,0.166373,1.366486,1.361809,2.797935,1.431449,13.513960,13.560374,27.765415,0.441786,PSF-00189_20240513141827,0,0,0,96.45295,419.487122,0.770069,0.5,0.8,16.191807,49.91,49.74,22.51,22.87,100.77,156.2,155.4,0.5,53,3.576,14:13:21,2024-05-13,-0.74,-0.001,-0.003,-0.021,-0.072,0.026,-0.144,1,150,0.005,2.000000,0,rectangular,7000,500,-9999.000000,-9999.000000,55537,55537,55537,0,-9999,0,0,0,0,2.446449,2.511367,1.651669,0.929544,0.301230,0.005545,0.101461,0.151534,96.452950,0.000441,2.368202,-3.3e-5,1,2.426428,-4e-5,1,0.602049,0.601182,0.1074,0,PSF-00189_20240513141827,PFA-00183,PSA-00195,PSF-00189,RHS-00549,2.0.0,2023-06-15T18:05:35Z
4,14:20:02,2024-05-13,DURIN config,Nicole Bison,NA,26642,NA,NA,0.011527,2.915873,0.011482,0.164935,1.395887,1.391245,2.813049,1.417163,13.807685,13.853752,27.918659,0.441786,PSF-00189_20240513142002,0,0,0,86.128593,412.16217,0.791032,0.5,0.8,17.898687,50.05,49.88,22.82,22.96,100.76,156.0,151.0,3.2,57,3.609,14:13:21,2024-05-13,-0.74,-0.002,-0.003,-0.025,0.139,0.135,0.048,1,150,0.005,2.000000,0,rectangular,7000,500,-9999.000000,-9999.000000,55537,55537,55537,0,-9999,0,0,0,0,2.446566,2.511487,1.649712,0.918329,0.297558,0.003015,0.112709,0.154893,86.128593,0.000451,2.368202,-3.3e-5,1,2.426428,-4e-5,1,0.602049,0.601182,0.1074,0,PSF-00189_20240513142002,PFA-00183,PSA-00195,PSF-00189,RHS-00549,2.0.0,2023-06-15T18:05:35Z
5,14:22:01,2024-05-13,DURIN config,Nicole Bison,NA,27480,NA,NA,0.030254,2.916134,0.029943,0.412454,1.423031,1.411428,2.782096,1.359065,14.006709,14.121854,27.608919,0.441786,PSF-00189_20240513142201,0,0,0,85.225937,402.238007,0.788121,0.5,0.8,16.174557,49.93,49.52,23.18,22.78,100.77,156.0,151.2,3.1,51,3.605,14:13:21,2024-05-13,-0.74,-0.001,-0.003,-9999,0.053,0.127,-9999,1,150,0.005,2.000000,0,rectangular,7000,500,-9999.000000,-9999.000000,55537,55537,55537,0,-9999,0,0,0,0,2.445991,2.511219,1.649985,0.918861,0.293314,-0.003289,0.126225,0.150477,85.225937,0.000455,2.368202,-3.3e-5,1,2.426428,-4e-5,1,0.602049,0.601182,0.1074,0,PSF-00189_20240513142201,PFA-00183,PSA-00195,PSF-00189,RHS-00549,2.0.0,2023-06-15T18:05:35Z
6,14:24:15,2024-05-13,DURIN config,Nicole Bison,NA,26824,NA,NA,0.019506,2.918190,0.019377,0.270048,1.488456,1.480876,2.862653,1.374197,14.694582,14.769800,28.405817,0.441786,PSF-00189_20240513142415,0,0,0,98.488213,391.042816,0.74814,0.5,0.8,13.376707,51.04,50.78,23.56,23.25,100.78,156.3,154.6,1.1,45,3.601,14:24:04,2024-05-13,-0.68,-0,0.001,-9999,0.026,0.049,-9999,1,150,0.005,2.000000,0,rectangular,7000,500,-9999.000000,-9999.000000,55537,55537,55537,0,-9999,0,0,0,0,2.447603,2.512640,1.652140,0.927327,0.288896,-0.002243,0.140948,0.144929,98.488213,0.000440,2.368202,-3.3e-5,1,2.426428,-4e-5,1,0.602049,0.601182,0.1074,0,PSF-00189_20240513142415,PFA-00183,PSA-00195,PSF-00189,RHS-00549,2.0.0,2023-06-15T18:05:35Z
7,14:26:08,2024-05-13,DURIN config,Nicole Bison,NA,25724,NA,NA,0.041193,2.917557,0.040620,0.516481,1.527836,1.513335,2.781912,1.254076,15.015633,15.159507,27.602713,0.441786,PSF-00189_20240513142608,0,0,0,97.776886,398.457184,0.754611,0.5,0.8,15.478874,51.41,50.92,23.87,22.78,100.78,156.2,154.2,1.3,51,3.605,14:24:04,2024-05-13,-0.68,-0.001,-0.001,-9999,0.112,0.149,-9999,1,150,0.005,2.000000,0,rectangular,7000,500,-9999.000000,-9999.000000,55537,55537,55537,0,-9999,0,0,0,0,2.447723,2.513098,1.651475,0.926412,0.285302,-0.011399,0.152969,0.150455,97.776886,0.000456,2.368202,-3.3e-5,1,2.426428,-4e-5,1,0.602049,0.601182,0.1074,0,PSF-00189_20240513142608,PFA-00183,PSA-00195,PSF-00189,RHS-00549,2.0.0,2023-06-15T18:05:35Z
8,14:27:57,2024-05-13,DURIN config,Nicole Bison,NA,23461,NA,NA,0.558101,2.917657,0.468487,4.855626,1.693031,1.556948,2.714758,1.021727,15.448445,16.798695,26.936531,0.441786,PSF-00189_20240513142757,0,0,0,85.914375,379.584442,0.773662,0.5,0.8,18.465427,56.19,51.67,24.10,22.37,100.78,156.2,156.0,0.1,60,3.603,14:24:04,2024-05-13,-0.68,0.001,0.003,0.013,0.087,0.242,0.385,1,150,0.005,2.000000,0,rectangular,7000,500,-9999.000000,-9999.000000,55537,55537,55537,0,-9999,0,0,0,0,2.448680,2.519893,1.651579,0.931044,0.282705,-0.018729,0.164183,0.157497,85.914375,0.000462,2.368202,-3.3e-5,1,2.426428,-4e-5,1,0.602049,0.601182,0.1074,0,PSF-00189_20240513142757,PFA-00183,PSA-00195,PSF-00189,RHS-00549,2.0.0,2023-06-15T18:05:35Z
9,14:29:58,2024-05-13,DURIN config,Nicole Bison,NA,24159,NA,NA,0.397606,2.917433,0.349917,3.958200,1.709344,1.598417,2.823682,1.114338,15.860855,16.961561,28.018970,0.441786,PSF-00189_20240513142958,0,0,0,96.269135,391.450867,0.754071,0.5,0.8,17.633593,56.00,52.37,24.32,23.02,100.78,156.2,156.0,0.1,58,3.569,14:24:04,2024-05-13,-0.68,-0.002,-0.001,-9999,0.059,0.03,-9999,1,150,0.005,2.000000,0,rectangular,7000,500,-9999.000000,-9999.000000,55537,55537,55537,0,-9999,0,0,0,0,2.449562,2.519570,1.651345,0.930850,0.280283,-0.013764,0.176314,0.156483,96.269135,0.000453,2.368202,-3.3e-5,1,2.426428,-4e-5,1,0.602049,0.601182,0.1074,0,PSF-00189_20240513142958,PFA-00183,PSA-00195,PSF-00189,RHS-00549,2.0.0,2023-06-15T18:05:35Z
10,14:31:37,2024-05-13,DURIN config,Nicole Bison,NA,27375,NA,NA,0.370910,2.916006,0.329055,4.172160,1.714220,1.597171,2.962361,1.248141,15.848367,17.009817,29.394840,0.441786,PSF-00189_20240513143137,0,0,0,82.335594,377.45047,0.781864,0.5,0.8,20.226339,55.57,51.77,24.49,23.82,100.78,156.0,152.3,2.4,65,3.569,14:24:04,2024-05-13,-0.68,0.001,0.003,-9999,-0.025,0.064,-9999,1,150,0.005,2.000000,0,rectangular,7000,500,-9999.000000,-9999.000000,55537,55537,55537,0,-9999,0,0,0,0,2.448717,2.518898,1.649851,0.921506,0.278288,-0.006617,0.185922,0.161699,82.335594,0.000441,2.368202,-3.3e-5,1,2.426428,-4e-5,1,0.602049,0.601182,0.1074,0,PSF-00189_20240513143137,PFA-00183,PSA-00195,PSF-00189,RHS-00549,2.0.0,2023-06-15T18:05:35Z
11,14:33:39,2024-05-13,DURIN config,Nicole Bison,NA,39493,NA,NA,0.300367,2.917209,0.272327,3.727506,1.699757,1.595255,3.046840,1.347082,15.827589,16.864428,30.229734,0.441786,PSF-00189_20240513143339,0,0,0,92.402458,411.041382,0.775199,0.5,0.8,19.038624,54.42,51.07,24.70,24.29,100.79,156.1,155.3,0.5,61,3.601,14:24:04,2024-05-13,-0.68,-0.002,-0.002,-9999,0.139,-0.009,-9999,1,150,0.005,2.000000,0,rectangular,7000,500,-9999.000000,-9999.000000,55537,55537,55537,0,-9999,0,0,0,0,2.447728,2.517203,1.651110,0.929173,0.275990,-0.003581,0.197594,0.158950,92.402458,0.000449,2.368202,-3.3e-5,1,2.426428,-4e-5,1,0.602049,0.601182,0.1074,0,PSF-00189_20240513143339,PFA-00183,PSA-00195,PSF-00189,RHS-00549,2.0.0,2023-06-15T18:05:35Z
12,14:35:15,2024-05-13,DURIN config,Nicole Bison,NA,33900,NA,NA,0.222121,2.917430,0.206406,2.678926,1.669611,1.594494,2.947830,1.278219,15.819489,16.564753,29.246378,0.441786,PSF-00189_20240513143515,0,0,0,122.792961,399.090881,0.692318,0.5,0.8,15.252701,52.95,50.57,24.86,23.74,100.79,156.2,149.2,4.5,55,3.599,14:24:04,2024-05-13,-0.68,-0.001,-0.003,-9999,1.36,2.533,-9999,1,150,0.005,2.000000,0,rectangular,7000,500,-9999.000000,-9999.000000,55537,55537,55537,0,-9999,0,0,0,0,2.447021,2.515069,1.651341,0.913687,0.274272,-0.011871,0.206490,0.153643,122.792961,0.000452,2.368202,-3.3e-5,1,2.426428,-4e-5,1,0.602049,0.601182,0.1074,0,PSF-00189_20240513143515,PFA-00183,PSA-00195,PSF-00189,RHS-00549,2.0.0,2023-06-15T18:05:35Z
13,14:36:56,2024-05-13,DURIN config,Nicole Bison,NA,35802,NA,NA,0.151110,2.916884,0.143667,1.997989,1.629650,1.573582,2.999124,1.369475,15.612831,16.169125,29.756832,0.441786,PSF-00189_20240513143656,0,0,0,122.610924,439.599762,0.721085,0.5,0.8,18.449345,51.14,49.38,25.04,24.02,100.79,156.1,154.5,1.0,64,3.599,14:35:29,2024-05-13,-0.64,0.001,0,-9999,-5.38,-2.212,-9999,1,150,0.005,2.000000,0,rectangular,7000,500,-9999.000000,-9999.000000,55537,55537,55537,0,-9999,0,0,0,0,2.445381,2.512364,1.650770,0.927166,0.272342,-0.010611,0.215723,0.161103,122.610924,0.000459,2.368202,-3.3e-5,1,2.426428,-4e-5,1,0.602049,0.601182,0.1074,0,PSF-00189_20240513143656,PFA-00183,PSA-00195,PSF-00189,RHS-00549,2.0.0,2023-06-15T18:05:35Z
14,14:38:49,2024-05-13,DURIN config,Nicole Bison,NA,28762,NA,NA,0.113673,2.918459,0.109412,1.517796,1.602502,1.559950,2.968978,1.366476,15.477307,15.899494,29.457214,0.441786,PSF-00189_20240513143849,0,0,0,171.488647,487.335907,0.64811,0.5,0.8,13.200415,49.87,48.55,25.18,23.85,100.79,156.3,155.3,0.6,51,3.598,14:35:29,2024-05-13,-0.64,-0.001,-0.003,-9999,-8.052,-8.842,-9999,1,150,0.005,2.000000,0,rectangular,7000,500,-9999.000000,-9999.000000,55537,55537,55537,0,-9999,0,0,0,0,2.444219,2.510495,1.652421,0.929215,0.270815,-0.014246,0.225762,0.150151,171.488647,0.000419,2.368202,-3.3e-5,1,2.426428,-4e-5,1,0.602049,0.601182,0.1074,0,PSF-00189_20240513143849,PFA-00183,PSA-00195,PSF-00189,RHS-00549,2.0.0,2023-06-15T18:05:35Z
15,14:40:39,2024-05-13,DURIN config,Nicole Bison,NA,26204,NA,NA,0.139650,2.918394,0.133272,1.759256,1.611041,1.561724,2.911600,1.300559,15.495595,15.984928,28.889215,0.441786,PSF-00189_20240513144039,0,0,0,87.164642,433.023346,0.798707,0.5,0.8,22.355650,49.75,48.22,25.31,23.53,100.79,156.3,146.4,6.4,70,3.597,14:35:29,2024-05-13,-0.64,-0.002,-0.003,-9999,0.013,0.105,-9999,1,150,0.005,2.000000,0,rectangular,7000,500,-9999.000000,-9999.000000,55537,55537,55537,0,-9999,0,0,0,0,2.443750,2.510280,1.652353,0.906590,0.269395,-0.019588,0.235230,0.166150,87.164642,0.000456,2.368202,-3.3e-5,1,2.426428,-4e-5,1,0.602049,0.601182,0.1074,0,PSF-00189_20240513144039,PFA-00183,PSA-00195,PSF-00189,RHS-00549,2.0.0,2023-06-15T18:05:35Z
16,14:42:41,2024-05-13,DURIN config,Nicole Bison,NA,32196,NA,NA,0.026256,2.917806,0.026021,0.427009,1.523342,1.511357,3.138838,1.615496,14.996927,15.115859,31.146143,0.441786,PSF-00189_20240513144241,0,0,0,103.776459,444.590454,0.76658,0.5,0.8,18.551340,46.72,46.35,25.42,24.78,100.78,156.2,146.4,6.3,61,3.597,14:35:29,2024-05-13,-0.64,0.001,0.002,-9999,-0.531,-1.183,-9999,1,150,0.005,2.000000,0,rectangular,7000,500,-9999.000000,-9999.000000,55537,55537,55537,0,-9999,0,0,0,0,2.441185,2.505863,1.651736,0.906818,0.268161,-0.006281,0.245585,0.158195,103.776459,0.000429,2.368202,-3.3e-5,1,2.426428,-4e-5,1,0.602049,0.601182,0.1074,0,PSF-00189_20240513144241,PFA-00183,PSA-00195,PSF-00189,RHS-00549,2.0.0,2023-06-15T18:05:35Z
17,14:50:35,2024-05-13,DURIN config,Nicole Bison,NA,22612,NA,NA,0.136602,2.916791,0.130491,1.830938,1.505904,1.454461,2.889108,1.383204,14.432259,14.942714,28.667904,0.441786,PSF-00189_20240513145035,0,0,0,91.788773,412.685394,0.777582,0.5,0.8,20.670021,45.38,43.83,25.72,23.40,100.78,156.1,144.4,7.5,66,3.593,14:35:29,2024-05-13,-0.64,-0,-0,0.008,-0.302,-0.721,-2.165,1,150,0.005,2.000000,0,rectangular,7000,500,-9999.000000,-9999.000000,55537,55537,55537,0,-9999,0,0,0,0,2.437685,2.503846,1.650673,0.901807,0.265028,-0.025948,0.283634,0.163196,91.788773,0.000438,2.368202,-3.3e-5,1,2.426428,-4e-5,1,0.602049,0.601182,0.1074,0,PSF-00189_20240513145035,PFA-00183,PSA-00195,PSF-00189,RHS-00549,2.0.0,2023-06-15T18:05:35Z
18,14:53:51,2024-05-13,DURIN config,Nicole Bison,NA,22702,NA,NA,0.017584,2.918306,0.017478,0.330765,1.464477,1.455190,3.326487,1.862009,14.438204,14.530348,33.004951,0.441786,PSF-00189_20240513145351,0,0,0,92.898849,412.789459,0.774949,0.5,0.8,16.456938,43.91,43.64,25.80,25.76,100.79,156.3,155.5,0.5,53,3.766,14:50:50,2024-05-13,-0.49,0.002,0.002,-9999,0.132,0.275,-9999,1,150,0.005,2.000000,0,rectangular,7000,500,-9999.000000,-9999.000000,55537,55537,55537,0,-9999,0,0,0,0,2.437400,2.501473,1.652261,0.929744,0.264148,0.000778,0.298597,0.151974,92.898849,0.000526,2.368202,-3.3e-5,1,2.426428,-4e-5,1,0.602049,0.601182,0.1074,0,PSF-00189_20240513145351,PFA-00183,PSA-00195,PSF-00189,RHS-00549,2.0.0,2023-06-15T18:05:35Z
19,14:56:05,2024-05-13,DURIN config,Nicole Bison,NA,36145,NA,NA,0.030705,2.916455,0.030385,0.462809,1.447318,1.434302,2.949088,1.501769,14.230103,14.359241,29.258707,0.441786,PSF-00189_20240513145605,0,0,0,90.911148,432.903534,0.789997,0.5,0.8,15.268959,43.20,42.81,25.88,23.74,100.79,156.1,152.0,2.6,48,3.768,14:50:50,2024-05-13,-0.49,-0,0.001,-9999,-0.069,-0.259,-9999,1,150,0.005,2.000000,0,rectangular,7000,500,-9999.000000,-9999.000000,55537,55537,55537,0,-9999,0,0,0,0,2.436259,2.500413,1.650320,0.920774,0.263348,-0.023881,0.308881,0.147969,90.911148,0.000543,2.368202,-3.3e-5,1,2.426428,-4e-5,1,0.602049,0.601182,0.1074,0,PSF-00189_20240513145605,PFA-00183,PSA-00195,PSF-00189,RHS-00549,2.0.0,2023-06-15T18:05:35Z
20,14:59:16,2024-05-13,DURIN config,Nicole Bison,NA,27387,NA,NA,0.020385,2.917610,0.020243,0.320025,1.462307,1.453315,3.020393,1.558086,14.418023,14.507226,29.964661,0.441786,PSF-00189_20240513145916,0,0,0,88.656303,421.662933,0.789746,0.5,0.8,18.695242,43.47,43.20,25.95,24.14,100.80,156.2,154.6,1.1,59,3.757,14:50:50,2024-05-13,-0.49,0,0.001,-9999,0.038,0.462,-9999,1,150,0.005,2.000000,0,rectangular,7000,500,-9999.000000,-9999.000000,55537,55537,55537,0,-9999,0,0,0,0,2.436770,2.500782,1.651530,0.927266,0.262596,-0.020094,0.322620,0.157088,88.656303,0.000544,2.368202,-3.3e-5,1,2.426428,-4e-5,1,0.602049,0.601182,0.1074,0,PSF-00189_20240513145916,PFA-00183,PSA-00195,PSF-00189,RHS-00549,2.0.0,2023-06-15T18:05:35Z
21,15:01:46,2024-05-13,DURIN config,Nicole Bison,NA,20840,NA,NA,0.030787,2.917285,0.030466,0.538150,1.493429,1.478310,3.232202,1.738773,14.666138,14.816132,32.066288,0.441786,PSF-00189_20240513150146,0,0,0,94.102982,400.58075,0.765084,0.5,0.8,18.788107,44.11,43.66,26.06,25.28,100.80,156.2,154.9,0.8,61,3.761,14:50:50,2024-05-13,-0.49,0,-0,-9999,-0.285,-0.717,-9999,1,150,0.005,2.000000,0,rectangular,7000,500,-9999.000000,-9999.000000,55537,55537,55537,0,-9999,0,0,0,0,2.437386,2.501704,1.651189,0.928262,0.261481,-0.008017,0.333006,0.158944,94.102982,0.000545,2.368202,-3.3e-5,1,2.426428,-4e-5,1,0.602049,0.601182,0.1074,0,PSF-00189_20240513150146,PFA-00183,PSA-00195,PSF-00189,RHS-00549,2.0.0,2023-06-15T18:05:35Z
22,15:03:50,2024-05-13,DURIN config,Nicole Bison,NA,20913,NA,NA,0.014841,2.917765,0.014766,0.229506,1.518469,1.512026,3.049434,1.530966,15.002486,15.066414,30.256824,0.441786,PSF-00189_20240513150350,0,0,0,125.109673,437.290558,0.713898,0.5,0.8,15.769246,44.47,44.28,26.20,24.30,100.79,156.2,155.5,0.4,55,3.801,15:02:03,2024-05-13,-0.50,0.002,0.001,-9999,1.386,3.649,-9999,1,150,0.005,2.000000,0,rectangular,7000,500,-9999.000000,-9999.000000,55537,55537,55537,0,-9999,0,0,0,0,2.438200,2.502207,1.651693,0.929782,0.259988,-0.021217,0.341468,0.153764,125.109673,0.000549,2.368202,-3.3e-5,1,2.426428,-4e-5,1,0.602049,0.601182,0.1074,0,PSF-00189_20240513150350,PFA-00183,PSA-00195,PSF-00189,RHS-00549,2.0.0,2023-06-15T18:05:35Z
23,15:05:45,2024-05-13,DURIN config,Nicole Bison,NA,38118,NA,NA,0.027601,2.917500,0.027342,0.409599,1.480359,1.468853,2.956943,1.476584,14.573909,14.688068,29.338680,0.441786,PSF-00189_20240513150545,0,0,0,101.742264,382.325287,0.733886,0.5,0.8,13.128473,43.16,42.83,26.28,23.79,100.79,156.2,151.8,2.8,45,3.796,15:02:03,2024-05-13,-0.50,0.001,0.001,-9999,-0.361,-0.639,-9999,1,150,0.005,2.000000,0,rectangular,7000,500,-9999.000000,-9999.000000,55537,55537,55537,0,-9999,0,0,0,0,2.436190,2.500270,1.651415,0.920224,0.259206,-0.028113,0.349025,0.144948,101.742264,0.000548,2.368202,-3.3e-5,1,2.426428,-4e-5,1,0.602049,0.601182,0.1074,0,PSF-00189_20240513150545,PFA-00183,PSA-00195,PSF-00189,RHS-00549,2.0.0,2023-06-15T18:05:35Z
24,15:07:49,2024-05-13,DURIN config,Nicole Bison,NA,24781,NA,NA,0.005375,2.917680,0.005365,0.089140,1.467899,1.465395,3.104556,1.636657,14.539775,14.564618,30.803671,0.441786,PSF-00189_20240513150749,0,0,0,140.06459,394.255402,0.644736,0.5,0.8,11.277290,42.59,42.52,26.36,24.60,100.79,156.2,129.2,17.3,44,3.807,15:02:03,2024-05-13,-0.50,0.001,0.002,-9999,-0.103,0.229,-9999,1,150,0.005,2.000000,0,rectangular,7000,500,-9999.000000,-9999.000000,55537,55537,55537,0,-9999,0,0,0,0,2.435747,2.499409,1.651603,0.864598,0.258348,-0.019607,0.357150,0.144114,140.064590,0.000522,2.368202,-3.3e-5,1,2.426428,-4e-5,1,0.602049,0.601182,0.1074,0,PSF-00189_20240513150749,PFA-00183,PSA-00195,PSF-00189,RHS-00549,2.0.0,2023-06-15T18:05:35Z
25,15:11:21,2024-05-13,DURIN config,Nicole Bison,NA,25910,NA,NA,0.008815,2.917184,0.008788,0.168174,1.487965,1.483240,3.370240,1.882275,14.715885,14.762765,33.437653,0.441786,PSF-00189_20240513151121,0,0,0,114.066841,528.456665,0.784151,0.5,0.8,11.863789,42.83,42.69,26.50,25.98,100.79,156.1,137.7,11.8,38,3.817,15:02:03,2024-05-13,-0.50,-0.001,-0.001,-9999,-0.007,1.684,-9999,1,150,0.005,2.000000,0,rectangular,7000,500,-9999.000000,-9999.000000,55537,55537,55537,0,-9999,0,0,0,0,2.435958,2.499728,1.651083,0.885313,0.256956,-0.004897,0.370605,0.139156,114.066841,0.000523,2.368202,-3.3e-5,1,2.426428,-4e-5,1,0.602049,0.601182,0.1074,0,PSF-00189_20240513151121,PFA-00183,PSA-00195,PSF-00189,RHS-00549,2.0.0,2023-06-15T18:05:35Z
26,15:14:37,2024-05-13,DURIN config,Nicole Bison,NA,32908,NA,NA,0.048235,2.916858,0.047450,0.822454,1.527841,1.504739,3.233427,1.705585,14.930706,15.159940,32.083534,0.441786,PSF-00189_20240513151437,0,0,0,95.680832,433.972107,0.779523,0.5,0.8,12.224232,43.55,42.89,26.66,25.28,100.78,156.1,138.9,11.0,39,3.798,15:02:03,2024-05-13,-0.50,0,-0.002,-9999,-0.054,-0.138,-9999,1,150,0.005,2.000000,0,rectangular,7000,500,-9999.000000,-9999.000000,55537,55537,55537,0,-9999,0,0,0,0,2.436198,2.500751,1.650742,0.888054,0.255276,-0.015172,0.382723,0.140315,95.680832,0.000520,2.368202,-3.3e-5,1,2.426428,-4e-5,1,0.602049,0.601182,0.1074,0,PSF-00189_20240513151437,PFA-00183,PSA-00195,PSF-00189,RHS-00549,2.0.0,2023-06-15T18:05:35Z
27,15:16:36,2024-05-13,DURIN config,Nicole Bison,NA,35222,NA,NA,0.007556,2.918432,0.007537,0.129283,1.555918,1.552291,3.243767,1.687849,15.400630,15.436609,32.182137,0.441786,PSF-00189_20240513151636,0,0,0,119.540337,448.019379,0.73318,0.5,0.8,11.365583,44.20,44.09,26.72,25.34,100.79,156.3,155.7,0.4,39,3.834,15:14:53,2024-05-13,-0.50,0.002,0.004,-9999,-0.873,-2.024,-9999,1,150,0.005,2.000000,0,rectangular,7000,500,-9999.000000,-9999.000000,55537,55537,55537,0,-9999,0,0,0,0,2.437833,2.501688,1.652394,0.930164,0.254688,-0.015232,0.389906,0.139938,119.540337,0.000514,2.368202,-3.3e-5,1,2.426428,-4e-5,1,0.602049,0.601182,0.1074,0,PSF-00189_20240513151636,PFA-00183,PSA-00195,PSF-00189,RHS-00549,2.0.0,2023-06-15T18:05:35Z
28,15:25:08,2024-05-13,DURIN config,Nicole Bison,NA,30771,NA,NA,0.026840,2.918035,0.026595,0.419766,1.651220,1.639452,3.203909,1.552688,16.264006,16.380749,31.784023,0.441786,PSF-00189_20240513152508,0,0,0,155.740143,465.135101,0.665172,0.5,0.8,12.160155,46.38,46.05,26.91,25.13,100.80,156.2,153.8,1.6,46,3.860,15:14:53,2024-05-13,-0.50,0,0,-9999,0.775,0.541,-9999,1,150,0.005,2.000000,0,rectangular,7000,500,-9999.000000,-9999.000000,55537,55537,55537,0,-9999,0,0,0,0,2.440446,2.504819,1.651976,0.925222,0.252748,-0.019999,0.419283,0.145772,155.740143,0.000558,2.368202,-3.3e-5,1,2.426428,-4e-5,1,0.602049,0.601182,0.1074,0,PSF-00189_20240513152508,PFA-00183,PSA-00195,PSF-00189,RHS-00549,2.0.0,2023-06-15T18:05:35Z
29,15:26:52,2024-05-13,DURIN config,Nicole Bison,NA,36605,NA,NA,0.008281,2.917794,0.008258,0.128459,1.656967,1.653365,3.187397,1.530430,16.401499,16.437231,31.619198,0.441786,PSF-00189_20240513152652,0,0,0,127.29657,455.347534,0.720441,0.5,0.8,12.640250,46.41,46.31,26.96,25.04,100.81,156.2,155.2,0.6,44,3.866,15:25:25,2024-05-13,-0.52,0,0,-9999,1.894,3.792,-9999,1,150,0.005,2.000000,0,rectangular,7000,500,-9999.000000,-9999.000000,55537,55537,55537,0,-9999,0,0,0,0,2.440791,2.504886,1.651724,0.928983,0.252274,-0.021591,0.425079,0.144227,127.296570,0.000534,2.368202,-3.3e-5,1,2.426428,-4e-5,1,0.602049,0.601182,0.1074,0,PSF-00189_20240513152652,PFA-00183,PSA-00195,PSF-00189,RHS-00549,2.0.0,2023-06-15T18:05:35Z
30,15:28:17,2024-05-13,DURIN config,Nicole Bison,NA,28679,NA,NA,0.296350,2.916612,0.269016,3.443369,1.732574,1.636018,2.992502,1.259928,16.231066,17.189003,29.688845,0.441786,PSF-00189_20240513152817,0,0,0,89.137314,432.031281,0.793679,0.5,0.8,16.607357,48.43,45.73,26.99,23.99,100.80,156.1,148.5,4.8,52,3.838,15:25:25,2024-05-13,-0.52,0.002,0.001,0.015,-0.009,0.043,-0.155,1,150,0.005,2.000000,0,rectangular,7000,500,-9999.000000,-9999.000000,55537,55537,55537,0,-9999,0,0,0,0,2.440006,2.507810,1.650484,0.911978,0.251948,-0.034347,0.429580,0.151320,89.137314,0.000533,2.368202,-3.3e-5,1,2.426428,-4e-5,1,0.602049,0.601182,0.1074,0,PSF-00189_20240513152817,PFA-00183,PSA-00195,PSF-00189,RHS-00549,2.0.0,2023-06-15T18:05:35Z
1,15:41:24,2024-05-13,DURIN config,Nicole Bison,NA,32137,NA,NA,0.049028,2.917769,0.048218,0.770368,1.597910,1.576296,3.170353,1.572442,15.637087,15.851498,31.450350,0.441786,PSF-00189_20240513154124,0,0,0,118.646263,452.361359,0.737718,0.5,0.8,15.262570,45.95,45.32,26.51,24.95,100.81,156.2,126.8,18.8,52,3.890,15:41:01,2024-05-13,-0.47,-0.002,0.001,-9999,1.001,2.101,-9999,1,150,0.005,2.000000,0,rectangular,7000,500,-9999.000000,-9999.000000,55537,55537,55537,0,-9999,0,0,0,0,2.439553,2.504241,1.651697,0.858964,0.256789,-0.017295,0.158848,0.150825,118.646263,0.000568,2.368202,-3.3e-5,1,2.426428,-4e-5,1,0.602049,0.601182,0.1074,0,PSF-00189_20240513154124,PFA-00183,PSA-00195,PSF-00189,RHS-00549,2.0.0,2023-06-15T18:05:35Z
2,15:43:20,2024-05-13,DURIN config,Nicole Bison,NA,39034,NA,NA,0.035714,2.916898,0.035282,0.641243,1.539393,1.521379,3.327272,1.787879,15.092407,15.271108,33.007256,0.441786,PSF-00189_20240513154320,0,0,0,95.509171,461.624268,0.793102,0.5,0.8,12.624464,43.94,43.42,26.64,25.76,100.80,156.1,139.1,10.9,40,3.923,15:41:01,2024-05-13,-0.47,-0,-0.002,-9999,-0.146,-0.556,-9999,1,150,0.005,2.000000,0,rectangular,7000,500,-9999.000000,-9999.000000,55537,55537,55537,0,-9999,0,0,0,0,2.436930,2.501276,1.650784,0.888680,0.255504,-0.009188,0.175165,0.140811,95.509171,0.000527,2.368202,-3.3e-5,1,2.426428,-4e-5,1,0.602049,0.601182,0.1074,0,PSF-00189_20240513154320,PFA-00183,PSA-00195,PSF-00189,RHS-00549,2.0.0,2023-06-15T18:05:35Z
3,15:45:47,2024-05-13,DURIN config,Nicole Bison,NA,37381,NA,NA,-0.001352,2.917067,-0.001353,-0.021196,1.596739,1.597334,3.139275,1.542536,15.845664,15.839761,31.141821,0.441786,PSF-00189_20240513154547,0,0,0,152.178879,462.428558,0.670914,0.5,0.8,8.433371,45.19,45.20,26.78,24.79,100.81,156.1,153.4,1.7,31,3.930,15:41:01,2024-05-13,-0.47,-0.001,0.001,-9999,1.228,1.537,-9999,1,150,0.005,2.000000,0,rectangular,7000,500,-9999.000000,-9999.000000,55537,55537,55537,0,-9999,0,0,0,0,2.439332,2.503074,1.650961,0.924334,0.254049,-0.022475,0.193022,0.133784,152.178879,0.000537,2.368202,-3.3e-5,1,2.426428,-4e-5,1,0.602049,0.601182,0.1074,0,PSF-00189_20240513154547,PFA-00183,PSA-00195,PSF-00189,RHS-00549,2.0.0,2023-06-15T18:05:35Z
4,15:48:03,2024-05-13,DURIN config,Nicole Bison,NA,39291,NA,NA,0.016346,2.916798,0.016255,0.267449,1.577488,1.569978,3.196747,1.619258,15.574516,15.649026,31.712416,0.441786,PSF-00189_20240513154803,0,0,0,121.093155,420.502777,0.712028,0.5,0.8,11.081839,44.36,44.15,26.89,25.09,100.80,156.1,154.5,1.0,39,3.908,15:41:01,2024-05-13,-0.47,-0.002,0.001,0.009,0.049,0.077,-0.003,1,150,0.005,2.000000,0,rectangular,7000,500,-9999.000000,-9999.000000,55537,55537,55537,0,-9999,0,0,0,0,2.437873,2.501843,1.650679,0.927212,0.252965,-0.020184,0.208241,0.140068,121.093155,0.000525,2.368202,-3.3e-5,1,2.426428,-4e-5,1,0.602049,0.601182,0.1074,0,PSF-00189_20240513154803,PFA-00183,PSA-00195,PSF-00189,RHS-00549,2.0.0,2023-06-15T18:05:35Z
5,15:50:19,2024-05-13,DURIN config,Nicole Bison,NA,30529,NA,NA,0.025782,2.917178,0.025556,0.452886,1.583721,1.571006,3.326767,1.743046,15.583407,15.709533,32.999462,0.441786,PSF-00189_20240513155019,0,0,0,91.633919,455.053558,0.79863,0.5,0.8,9.682664,44.30,43.94,26.98,25.76,100.81,156.1,153.5,1.7,30,3.944,15:41:01,2024-05-13,-0.47,0.001,0.003,-9999,0.067,0.085,-9999,1,150,0.005,2.000000,0,rectangular,7000,500,-9999.000000,-9999.000000,55537,55537,55537,0,-9999,0,0,0,0,2.437573,2.501732,1.651077,0.924625,0.252054,-0.013331,0.222733,0.132848,91.633919,0.000534,2.368202,-3.3e-5,1,2.426428,-4e-5,1,0.602049,0.601182,0.1074,0,PSF-00189_20240513155019,PFA-00183,PSA-00195,PSF-00189,RHS-00549,2.0.0,2023-06-15T18:05:35Z
6,15:53:50,2024-05-13,DURIN config,Nicole Bison,NA,39146,NA,NA,0.061989,2.918916,0.060700,0.932667,1.599886,1.573739,3.112829,1.512943,15.609157,15.868500,30.874653,0.441786,PSF-00189_20240513155350,0,0,0,103.66774,430.868622,0.759398,0.5,0.8,12.508097,44.77,44.04,26.97,24.64,100.82,156.4,136.7,12.6,41,3.955,15:41:01,2024-05-13,-0.47,0.001,0.002,-9999,0.122,0.129,-9999,1,150,0.005,2.000000,0,rectangular,7000,500,-9999.000000,-9999.000000,55537,55537,55537,0,-9999,0,0,0,0,2.437708,2.502426,1.652902,0.882702,0.252137,-0.026422,0.243849,0.141972,103.667740,0.000524,2.368202,-3.3e-5,1,2.426428,-4e-5,1,0.602049,0.601182,0.1074,0,PSF-00189_20240513155350,PFA-00183,PSA-00195,PSF-00189,RHS-00549,2.0.0,2023-06-15T18:05:35Z
7,15:55:34,2024-05-13,DURIN config,Nicole Bison,NA,37191,NA,NA,0.078440,2.915750,0.076385,1.320146,1.625977,1.588883,3.325706,1.699729,15.758898,16.126806,32.985100,0.441786,PSF-00189_20240513155534,0,0,0,84.918022,383.0495,0.778311,0.5,0.8,8.725111,45.50,44.46,26.97,25.76,100.82,156.0,141.9,9.0,28,3.960,15:54:06,2024-05-13,-0.50,0.002,-0.001,-9999,-0.134,-0.358,-9999,1,150,0.005,2.000000,0,rectangular,7000,500,-9999.000000,-9999.000000,55537,55537,55537,0,-9999,0,0,0,0,2.438283,2.503536,1.649584,0.895631,0.252129,-0.013304,0.253897,0.130930,84.918022,0.000517,2.368202,-3.3e-5,1,2.426428,-4e-5,1,0.602049,0.601182,0.1074,0,PSF-00189_20240513155534,PFA-00183,PSA-00195,PSF-00189,RHS-00549,2.0.0,2023-06-15T18:05:35Z
8,15:57:29,2024-05-13,DURIN config,Nicole Bison,NA,34121,NA,NA,0.206148,2.917863,0.192544,2.564235,1.621392,1.549457,2.933818,1.312425,15.367709,16.081175,29.097973,0.441786,PSF-00189_20240513155729,0,0,0,90.320351,420.085785,0.784995,0.5,0.8,11.941568,45.47,43.45,26.94,23.66,100.83,156.2,152.0,2.7,38,3.966,15:54:06,2024-05-13,-0.50,-0,0.001,0.01,0.14,0.008,-0.091,1,150,0.005,2.000000,0,rectangular,7000,500,-9999.000000,-9999.000000,55537,55537,55537,0,-9999,0,0,0,0,2.436911,2.503497,1.651796,0.920749,0.252491,-0.037531,0.264413,0.139330,90.320351,0.000522,2.368202,-3.3e-5,1,2.426428,-4e-5,1,0.602049,0.601182,0.1074,0,PSF-00189_20240513155729,PFA-00183,PSA-00195,PSF-00189,RHS-00549,2.0.0,2023-06-15T18:05:35Z
9,15:58:47,2024-05-13,DURIN config,Nicole Bison,NA,32374,NA,NA,0.033055,2.916708,0.032685,0.559204,1.576898,1.561189,3.260560,1.683662,15.483759,15.639563,32.338001,0.441786,PSF-00189_20240513155847,0,0,0,118.140579,401.128296,0.705479,0.5,0.8,8.604136,44.26,43.82,26.92,25.42,100.83,156.1,152.4,2.4,30,3.970,15:54:06,2024-05-13,-0.50,-0,-0.003,-9999,-0.441,-0.529,-9999,1,150,0.005,2.000000,0,rectangular,7000,500,-9999.000000,-9999.000000,55537,55537,55537,0,-9999,0,0,0,0,2.437412,2.501733,1.650585,0.921760,0.252629,-0.016658,0.271617,0.132999,118.140579,0.000520,2.368202,-3.3e-5,1,2.426428,-4e-5,1,0.602049,0.601182,0.1074,0,PSF-00189_20240513155847,PFA-00183,PSA-00195,PSF-00189,RHS-00549,2.0.0,2023-06-15T18:05:35Z
1,12:42:22,2024-05-10,DURIN config,Nicole Bison,Delete,063236942100,NA,NA,0.056687,2.916994,0.055606,0.806550,1.183536,1.160747,2.621400,1.437864,11.488703,11.714266,25.945787,0.441786,PSF-00189_20240510124222,0,0,0,114.879013,426.674377,0.730757,0.5,0.8,4.777872,45.24,44.37,21.77,21.80,101.03,156.1,156.4,-0.2,16,3.795,12:41:20,2024-05-10,-0.47,0,0.002,-9999,1.253,2.212,-9999,1,150,0.005,2.000000,0,rectangular,7000,500,-9999.000000,-9999.000000,55537,55537,55537,0,-9999,0,0,0,0,2.439284,2.504334,1.650885,0.931995,0.310389,0.001810,0.056291,0.121124,114.879013,0.000450,2.368202,-3.3e-5,1,2.426428,-4e-5,1,0.602049,0.601182,0.1074,0,PSF-00189_20240510124222,PFA-00183,PSA-00195,PSF-00189,RHS-00549,2.0.0,2023-06-15T18:05:35Z
1,12:59:25,2024-05-10,DURIN config,Nicole Bison,NA,22283,NA,NA,0.046720,2.916021,0.045983,0.636178,1.308856,1.290889,2.679120,1.370264,12.776395,12.954223,26.516226,0.441786,PSF-00189_20240510125925,0,0,0,107.537628,483.661652,0.777659,0.5,0.8,6.052575,47.73,47.07,22.54,22.16,101.04,156.0,140.6,9.9,19,3.785,12:58:54,2024-05-10,-0.43,-0.001,-0.003,-9999,0.923,2.115,-9999,1,150,0.005,2.000000,0,rectangular,7000,500,-9999.000000,-9999.000000,55537,55537,55537,0,-9999,0,0,0,0,2.442818,2.507725,1.649867,0.892346,0.300906,-0.003037,0.143007,0.123736,107.537628,0.000471,2.368202,-3.3e-5,1,2.426428,-4e-5,1,0.602049,0.601182,0.1074,0,PSF-00189_20240510125925,PFA-00183,PSA-00195,PSF-00189,RHS-00549,2.0.0,2023-06-15T18:05:35Z
2,13:04:36,2024-05-10,DURIN config,Nicole Bison,NA,24199,NA,NA,0.035919,2.917922,0.035482,0.502265,1.305946,1.291786,2.707402,1.401456,12.788596,12.928786,26.803108,0.441786,PSF-00189_20240510130436,0,0,0,117.603065,458.471069,0.743489,0.5,0.8,7.635231,45.06,44.57,23.46,22.33,101.01,156.2,155.7,0.3,26,3.779,12:58:54,2024-05-10,-0.43,0.002,0.003,-9999,0.445,2.351,-9999,1,150,0.005,2.000000,0,rectangular,7000,500,-9999.000000,-9999.000000,55537,55537,55537,0,-9999,0,0,0,0,2.439185,2.503593,1.651858,0.930304,0.290081,-0.011704,0.176385,0.128955,117.603065,0.000447,2.368202,-3.3e-5,1,2.426428,-4e-5,1,0.602049,0.601182,0.1074,0,PSF-00189_20240510130436,PFA-00183,PSA-00195,PSF-00189,RHS-00549,2.0.0,2023-06-15T18:05:35Z
3,13:07:46,2024-05-10,DURIN config,Nicole Bison,NA,23401,NA,NA,0.022949,2.916183,0.022770,0.325046,1.358391,1.349219,2.770909,1.412518,13.356815,13.447618,27.431072,0.441786,PSF-00189_20240510130746,0,0,0,93.361618000000007,456.913605,0.795669,0.5,0.8,7.810890,45.84,45.53,23.82,22.71,101.01,156.0,133.2,14.6,25,3.777,12:58:54,2024-05-10,-0.43,0,0.003,-9999,-0.01,-0.023,-9999,1,150,0.005,2.000000,0,rectangular,7000,500,-9999.000000,-9999.000000,55537,55537,55537,0,-9999,0,0,0,0,2.440429,2.504662,1.650036,0.874350,0.285866,-0.011577,0.194811,0.128005,93.361618,0.000438,2.368202,-3.3e-5,1,2.426428,-4e-5,1,0.602049,0.601182,0.1074,0,PSF-00189_20240510130746,PFA-00183,PSA-00195,PSF-00189,RHS-00549,2.0.0,2023-06-15T18:05:35Z
4,13:10:14,2024-05-10,DURIN config,Nicole Bison,NA,25506,NA,NA,0.015698,2.918018,0.015614,0.245503,1.307547,1.300627,2.862807,1.555259,12.877592,12.946109,28.344830,0.441786,PSF-00189_20240510131014,0,0,0,100.945473,462.994324,0.781973,0.5,0.8,8.403898,43.47,43.24,24.07,23.25,101.00,156.2,146.9,6.0,27,3.774,13:10:02,2024-05-10,-0.50,-0,-0.001,-9999,0.14,0.316,-9999,1,150,0.005,2.000000,0,rectangular,7000,500,-9999.000000,-9999.000000,55537,55537,55537,0,-9999,0,0,0,0,2.437225,2.501225,1.651959,0.907947,0.283023,-0.008258,0.208426,0.129958,100.945473,0.000430,2.368202,-3.3e-5,1,2.426428,-4e-5,1,0.602049,0.601182,0.1074,0,PSF-00189_20240510131014,PFA-00183,PSA-00195,PSF-00189,RHS-00549,2.0.0,2023-06-15T18:05:35Z
1,13:20:53,2024-05-10,DURIN config,Nicole Bison,NA,25661,NA,NA,0.026471,2.919168,0.026233,0.394567,1.340336,1.329227,2.828192,1.487855,13.160082,13.270065,28.000648,0.441786,PSF-00189_20240510132053,0,0,0,95.883247,472.793701,0.797199,0.5,0.8,7.296036,43.20,42.84,24.59,23.05,101.00,156.4,153.8,1.7,23,3.753,13:20:10,2024-05-10,-0.45,-0.001,-0,-9999,0.126,0.381,-9999,1,150,0.005,2.000000,0,rectangular,7000,500,-9999.000000,-9999.000000,55537,55537,55537,0,-9999,0,0,0,0,2.436563,2.500631,1.653168,0.925271,0.277223,-0.016694,0.246125,0.126610,95.883247,0.000459,2.368202,-3.3e-5,1,2.426428,-4e-5,1,0.602049,0.601182,0.1074,0,PSF-00189_20240510132053,PFA-00183,PSA-00195,PSF-00189,RHS-00549,2.0.0,2023-06-15T18:05:35Z
2,13:38:22,2024-05-10,DURIN config,Nicole Bison,NA,23641,NA,NA,0.037288,2.917834,0.036817,0.525076,1.354664,1.339869,2.765597,1.410933,13.267145,13.413641,27.384455,0.441786,PSF-00189_20240510133822,0,0,0,167.652725,447.158936,0.625071,0.5,0.8,5.700477,42.80,42.33,24.92,22.68,100.99,156.2,155.7,0.3,23,3.750,13:20:10,2024-05-10,-0.45,0.001,0.003,-9999,0.361,1.826,-9999,1,150,0.005,2.000000,0,rectangular,7000,500,-9999.000000,-9999.000000,55537,55537,55537,0,-9999,0,0,0,0,2.435789,2.499963,1.651765,0.930166,0.273550,-0.024907,0.330398,0.126542,167.652725,0.000433,2.368202,-3.3e-5,1,2.426428,-4e-5,1,0.602049,0.601182,0.1074,0,PSF-00189_20240510133822,PFA-00183,PSA-00195,PSF-00189,RHS-00549,2.0.0,2023-06-15T18:05:35Z
3,13:41:39,2024-05-10,DURIN config,Nicole Bison,NA,28163,NA,NA,-0.004518,2.917236,-0.004525,-0.076827,1.367272,1.369437,3.044318,1.677046,13.561601,13.540159,30.148031,0.441786,PSF-00189_20240510134139,0,0,0,115.796684,429.522156,0.730406,0.5,0.8,6.879753,42.81,42.88,25.07,24.27,100.98,156.1,149.2,4.5,24,3.746,13:38:47,2024-05-10,-0.49,-0.003,0.001,-9999,-0.448,-0.796,-9999,1,150,0.005,2.000000,0,rectangular,7000,500,-9999.000000,-9999.000000,55537,55537,55537,0,-9999,0,0,0,0,2.436514,2.500008,1.651138,0.913697,0.271919,-0.008150,0.343635,0.127170,115.796684,0.000426,2.368202,-3.3e-5,1,2.426428,-4e-5,1,0.602049,0.601182,0.1074,0,PSF-00189_20240510134139,PFA-00183,PSA-00195,PSF-00189,RHS-00549,2.0.0,2023-06-15T18:05:35Z
4,13:44:33,2024-05-10,DURIN config,Nicole Bison,NA,26547,NA,NA,0.004155,2.917179,0.004149,0.066201,1.335371,1.333505,2.912463,1.577092,13.206580,13.225062,28.844053,0.441786,PSF-00189_20240510134433,0,0,0,87.353111,435.850037,0.79958,0.5,0.8,7.540983,41.38,41.32,25.25,23.54,100.97,156.1,145.5,6.8,24,3.711,13:38:47,2024-05-10,-0.49,-0,0,-9999,0.149,0.535,-9999,1,150,0.005,2.000000,0,rectangular,7000,500,-9999.000000,-9999.000000,55537,55537,55537,0,-9999,0,0,0,0,2.434326,2.497849,1.651079,0.904381,0.270020,-0.018841,0.354802,0.127196,87.353111,0.000428,2.368202,-3.3e-5,1,2.426428,-4e-5,1,0.602049,0.601182,0.1074,0,PSF-00189_20240510134433,PFA-00183,PSA-00195,PSF-00189,RHS-00549,2.0.0,2023-06-15T18:05:35Z
5,14:34:33,2024-05-10,DURIN config,Nicole Bison,NA,28155,NA,NA,0.037187,2.917715,0.036719,0.581528,1.440814,1.424449,3.004301,1.563486,14.111036,14.273155,29.761539,0.441786,PSF-00189_20240510143433,0,0,0,81.755875,427.314148,0.808675,0.5,0.8,5.999113,44.52,44.02,25.30,24.05,100.95,156.2,142.6,8.7,19,3.684,13:38:47,2024-05-10,-0.49,-0,-0.002,-9999,0.109,0.192,-9999,1,150,0.005,2.000000,0,rectangular,7000,500,-9999.000000,-9999.000000,55537,55537,55537,0,-9999,0,0,0,0,2.438031,2.502475,1.651641,0.897269,0.269532,-0.013357,0.508671,0.122971,81.755875,0.000423,2.368202,-3.3e-5,1,2.426428,-4e-5,1,0.602049,0.601182,0.1074,0,PSF-00189_20240510143433,PFA-00183,PSA-00195,PSF-00189,RHS-00549,2.0.0,2023-06-15T18:05:35Z
6,14:38:05,2024-05-10,DURIN config,Nicole Bison,NA,29706,NA,NA,0.028351,2.917302,0.028078,0.458769,1.435551,1.422637,3.048077,1.612526,14.095009,14.222954,30.199316,0.441786,PSF-00189_20240510143805,0,0,0,91.289879,446.884644,0.795719,0.5,0.8,5.891478,44.46,44.06,25.26,24.29,100.93,156.2,142.1,9.0,19,3.680,14:35:03,2024-05-10,-0.57,-0.003,-0.004,-9999,0.448,1.282,-9999,1,150,0.005,2.000000,0,rectangular,7000,500,-9999.000000,-9999.000000,55537,55537,55537,0,-9999,0,0,0,0,2.438101,2.502512,1.651207,0.896005,0.269947,-0.010073,0.517539,0.122941,91.289879,0.000422,2.368202,-3.3e-5,1,2.426428,-4e-5,1,0.602049,0.601182,0.1074,0,PSF-00189_20240510143805,PFA-00183,PSA-00195,PSF-00189,RHS-00549,2.0.0,2023-06-15T18:05:35Z
7,14:41:37,2024-05-10,DURIN config,Nicole Bison,NA,22209,NA,NA,0.029493,2.917055,0.029197,0.471929,1.458249,1.444967,3.053065,1.594816,14.317412,14.449021,30.251207,0.441786,PSF-00189_20240510144137,0,0,0,90.125801,441.476227,0.795854,0.5,0.8,5.771245,45.11,44.70,25.28,24.32,100.92,156.1,140.2,10.2,18,3.645,14:35:03,2024-05-10,-0.57,-0.001,0,-9999,0.003,0.009,-9999,1,150,0.005,2.000000,0,rectangular,7000,500,-9999.000000,-9999.000000,55537,55537,55537,0,-9999,0,0,0,0,2.438968,2.503456,1.650949,0.891310,0.269725,-0.009997,0.525889,0.122621,90.125801,0.000419,2.368202,-3.3e-5,1,2.426428,-4e-5,1,0.602049,0.601182,0.1074,0,PSF-00189_20240510144137,PFA-00183,PSA-00195,PSF-00189,RHS-00549,2.0.0,2023-06-15T18:05:35Z
8,14:45:26,2024-05-10,DURIN config,Nicole Bison,NA,25315,NA,NA,0.362216,2.915753,0.322191,3.474223,1.528977,1.431162,2.595024,1.066047,14.180489,15.149670,25.712463,0.441786,PSF-00189_20240510144526,0,0,0,153.678055,418.367371,0.632672,0.5,0.8,3.545626,47.13,44.11,25.34,21.64,100.92,156.0,152.2,2.4,14,3.642,14:35:03,2024-05-10,-0.57,0.003,0.005,0.016,-0.459,-0.732,-1.215,1,150,0.005,2.000000,0,rectangular,7000,500,-9999.000000,-9999.000000,55537,55537,55537,0,-9999,0,0,0,0,2.438152,2.506382,1.649587,0.921254,0.269072,-0.041782,0.534925,0.119163,153.678055,0.000434,2.368202,-3.3e-5,1,2.426428,-4e-5,1,0.602049,0.601182,0.1074,0,PSF-00189_20240510144526,PFA-00183,PSA-00195,PSF-00189,RHS-00549,2.0.0,2023-06-15T18:05:35Z
9,14:48:18,2024-05-10,DURIN config,Nicole Bison,NA,20107,NA,NA,0.008070,2.917212,0.008048,0.129083,1.447451,1.443819,3.030112,1.582661,14.307203,14.343202,30.026230,0.441786,PSF-00189_20240510144818,0,0,0,96.44294,480.670105,0.799357,0.5,0.8,4.737041,44.40,44.29,25.42,24.19,100.92,156.1,145.1,7.1,15,3.670,14:45:47,2024-05-10,-0.49,0.002,0,-9999,0.269,0.573,-9999,1,150,0.005,2.000000,0,rectangular,7000,500,-9999.000000,-9999.000000,55537,55537,55537,0,-9999,0,0,0,0,2.438381,2.502271,1.651113,0.903435,0.268218,-0.013143,0.541369,0.119839,96.442940,0.000422,2.368202,-3.3e-5,1,2.426428,-4e-5,1,0.602049,0.601182,0.1074,0,PSF-00189_20240510144818,PFA-00183,PSA-00195,PSF-00189,RHS-00549,2.0.0,2023-06-15T18:05:35Z
10,14:51:32,2024-05-10,DURIN config,Nicole Bison,NA,27059,NA,NA,0.020382,2.916449,0.020240,0.324734,1.451956,1.442813,3.034996,1.583039,14.297589,14.388199,30.075367,0.441786,PSF-00189_20240510145132,0,0,0,97.608444,468.566193,0.791687,0.5,0.8,5.809150,44.33,44.05,25.50,24.22,100.91,156.1,135.5,13.2,18,3.666,14:45:47,2024-05-10,-0.49,-0.001,-0,-9999,0.384,0.775,-9999,1,150,0.005,2.000000,0,rectangular,7000,500,-9999.000000,-9999.000000,55537,55537,55537,0,-9999,0,0,0,0,2.438037,2.502148,1.650314,0.879794,0.267372,-0.013769,0.548646,0.122802,97.608444,0.000449,2.368202,-3.3e-5,1,2.426428,-4e-5,1,0.602049,0.601182,0.1074,0,PSF-00189_20240510145132,PFA-00183,PSA-00195,PSF-00189,RHS-00549,2.0.0,2023-06-15T18:05:35Z
11,14:54:55,2024-05-10,DURIN config,Nicole Bison,NA,28395,NA,NA,0.096742,2.918632,0.093638,1.228200,1.545058,1.510570,2.839793,1.294735,14.970479,15.312269,28.143719,0.441786,PSF-00189_20240510145455,0,0,0,105.922577,491.973633,0.784699,0.5,0.8,6.188785,47.10,46.05,25.52,23.12,100.90,156.3,131.8,15.7,20,3.633,14:45:47,2024-05-10,-0.49,0.003,0.003,-9999,0.364,0.941,-9999,1,150,0.005,2.000000,0,rectangular,7000,500,-9999.000000,-9999.000000,55537,55537,55537,0,-9999,0,0,0,0,2.440755,2.506183,1.652603,0.870836,0.267091,-0.026943,0.556021,0.123954,105.922577,0.000446,2.368202,-3.3e-5,1,2.426428,-4e-5,1,0.602049,0.601182,0.1074,0,PSF-00189_20240510145455,PFA-00183,PSA-00195,PSF-00189,RHS-00549,2.0.0,2023-06-15T18:05:35Z
12,14:58:37,2024-05-10,DURIN config,Nicole Bison,NA,28882,NA,NA,0.036084,2.916688,0.035643,0.569297,1.564132,1.548125,3.138140,1.574008,15.343659,15.502299,31.102488,0.441786,PSF-00189_20240510145837,0,0,0,93.029381,450.47879,0.793488,0.5,0.8,6.659907,47.38,46.89,25.63,24.78,100.90,156.1,153.0,2.0,21,3.661,14:45:47,2024-05-10,-0.49,0.002,-0.001,-0.012,-0.051,-0.177,-0.163,1,150,0.005,2.000000,0,rectangular,7000,500,-9999.000000,-9999.000000,55537,55537,55537,0,-9999,0,0,0,0,2.441876,2.506559,1.650564,0.923377,0.265942,-0.008805,0.564154,0.125017,93.029381,0.000430,2.368202,-3.3e-5,1,2.426428,-4e-5,1,0.602049,0.601182,0.1074,0,PSF-00189_20240510145837,PFA-00183,PSA-00195,PSF-00189,RHS-00549,2.0.0,2023-06-15T18:05:35Z
13,15:03:08,2024-05-10,DURIN config,Nicole Bison,NA,29332,NA,NA,0.028590,2.917368,0.028312,0.458972,1.555620,1.542722,3.152988,1.597368,15.291094,15.418933,31.251665,0.441786,PSF-00189_20240510150308,0,0,0,113.839027,448.586212,0.746227,0.5,0.8,5.378314,46.64,46.25,25.80,24.86,100.89,156.2,132.6,15.1,18,3.654,14:58:58,2024-05-10,-0.54,-0.002,0.001,-9999,0.171,1.218,-9999,1,150,0.005,2.000000,0,rectangular,7000,500,-9999.000000,-9999.000000,55537,55537,55537,0,-9999,0,0,0,0,2.440970,2.505516,1.651276,0.872707,0.264120,-0.009929,0.573225,0.122528,113.839027,0.000425,2.368202,-3.3e-5,1,2.426428,-4e-5,1,0.602049,0.601182,0.1074,0,PSF-00189_20240510150308,PFA-00183,PSA-00195,PSF-00189,RHS-00549,2.0.0,2023-06-15T18:05:35Z
14,15:06:48,2024-05-10,DURIN config,Nicole Bison,NA,21991,NA,NA,0.050168,2.916182,0.049319,0.757182,1.503401,1.482093,3.017607,1.514205,14.690331,14.901539,29.910166,0.441786,PSF-00189_20240510150648,0,0,0,91.376785,449.961304,0.796923,0.5,0.8,5.941803,44.82,44.18,25.90,24.13,100.89,156.0,155.6,0.3,19,3.653,14:58:58,2024-05-10,-0.54,0,-0.001,-9999,0.009,0.13,-9999,1,150,0.005,2.000000,0,rectangular,7000,500,-9999.000000,-9999.000000,55537,55537,55537,0,-9999,0,0,0,0,2.438130,2.502840,1.650035,0.929965,0.263116,-0.019682,0.580474,0.123050,91.376785,0.000438,2.368202,-3.3e-5,1,2.426428,-4e-5,1,0.602049,0.601182,0.1074,0,PSF-00189_20240510150648,PFA-00183,PSA-00195,PSF-00189,RHS-00549,2.0.0,2023-06-15T18:05:35Z
15,15:09:18,2024-05-10,DURIN config,Nicole Bison,NA,21589,NA,NA,0.016118,2.917767,0.016030,0.270007,1.484589,1.477000,3.144889,1.660300,14.640827,14.716063,31.173861,0.441786,PSF-00189_20240510150918,0,0,0,92.887047,413.940674,0.775603,0.5,0.8,5.842838,44.14,43.92,25.94,24.82,100.88,156.2,137.6,11.9,19,3.651,14:58:58,2024-05-10,-0.54,-0.001,-0.003,-9999,0.193,0.757,-9999,1,150,0.005,2.000000,0,rectangular,7000,500,-9999.000000,-9999.000000,55537,55537,55537,0,-9999,0,0,0,0,2.437756,2.501840,1.651695,0.885001,0.262654,-0.012103,0.585413,0.123212,92.887047,0.000434,2.368202,-3.3e-5,1,2.426428,-4e-5,1,0.602049,0.601182,0.1074,0,PSF-00189_20240510150918,PFA-00183,PSA-00195,PSF-00189,RHS-00549,2.0.0,2023-06-15T18:05:35Z
16,15:11:50,2024-05-10,DURIN config,Nicole Bison,NA,24427,NA,NA,0.012415,2.916039,0.012362,0.202283,1.461419,1.455724,3.074934,1.613515,14.431149,14.487604,30.482998,0.441786,PSF-00189_20240510151150,0,0,0,105.378273,460.222351,0.771028,0.5,0.8,6.239657,43.30,43.13,26.01,24.44,100.87,156.0,143.5,8.0,20,3.650,15:11:43,2024-05-10,-0.46,0.002,0,-9999,1.254,3.006,-9999,1,150,0.005,2.000000,0,rectangular,7000,500,-9999.000000,-9999.000000,55537,55537,55537,0,-9999,0,0,0,0,2.436661,2.500474,1.649886,0.899429,0.262012,-0.017262,0.590083,0.124386,105.378273,0.000455,2.368202,-3.3e-5,1,2.426428,-4e-5,1,0.602049,0.601182,0.1074,0,PSF-00189_20240510151150,PFA-00183,PSA-00195,PSF-00189,RHS-00549,2.0.0,2023-06-15T18:05:35Z
17,15:19:54,2024-05-10,DURIN config,Nicole Bison,NA,28832,NA,NA,0.017398,2.919439,0.017295,0.285592,1.422962,1.414940,3.051768,1.628806,14.026425,14.105948,30.252445,0.441786,PSF-00189_20240510151954,0,0,0,92.932106,438.570862,0.788102,0.5,0.8,5.566792,41.89,41.66,26.11,24.31,100.88,156.4,136.9,12.5,18,3.644,15:11:43,2024-05-10,-0.46,-0.001,0.002,-9999,0.081,0.163,-9999,1,150,0.005,2.000000,0,rectangular,7000,500,-9999.000000,-9999.000000,55537,55537,55537,0,-9999,0,0,0,0,2.434615,2.498382,1.653453,0.883219,0.260902,-0.020015,0.604826,0.122226,92.932106,0.000421,2.368202,-3.3e-5,1,2.426428,-4e-5,1,0.602049,0.601182,0.1074,0,PSF-00189_20240510151954,PFA-00183,PSA-00195,PSF-00189,RHS-00549,2.0.0,2023-06-15T18:05:35Z
18,15:24:35,2024-05-10,DURIN config,Nicole Bison,NA,24778,NA,NA,0.309076,2.917630,0.279470,3.626880,1.610164,1.508335,2.890100,1.279936,14.952372,15.961813,28.650023,0.441786,PSF-00189_20240510152435,0,0,0,106.805923,467.713593,0.771642,0.5,0.8,5.550579,47.26,44.27,26.16,23.41,100.88,156.2,144.8,7.3,18,3.639,15:11:43,2024-05-10,-0.46,0.001,0.003,0.015,-0.487,-0.632,1.861,1,150,0.005,2.000000,0,rectangular,7000,500,-9999.000000,-9999.000000,55537,55537,55537,0,-9999,0,0,0,0,2.438197,2.506228,1.651551,0.902621,0.260382,-0.031168,0.613214,0.122498,106.805923,0.000437,2.368202,-3.3e-5,1,2.426428,-4e-5,1,0.602049,0.601182,0.1074,0,PSF-00189_20240510152435,PFA-00183,PSA-00195,PSF-00189,RHS-00549,2.0.0,2023-06-15T18:05:35Z
1,15:45:37,2024-05-10,DURIN config,Nicole Bison,NA,27120,NA,NA,0.026024,2.919295,0.025794,0.466022,1.354212,1.341116,3.135565,1.781353,13.299380,13.429248,31.094303,0.441786,PSF-00189_20240510154537,0,0,0,92.05484,461.96936,0.800734,0.5,0.8,5.822052,40.15,39.76,25.99,24.77,100.84,156.4,137.8,11.9,18,3.601,15:45:28,2024-05-10,-0.45,-0,0,-9999,0.175,0.3,-9999,1,150,0.005,2.000000,0,rectangular,7000,500,-9999.000000,-9999.000000,55537,55537,55537,0,-9999,0,0,0,0,2.432019,2.495816,1.653301,0.885492,0.262149,-0.013266,0.170519,0.122661,92.054840,0.000430,2.368202,-3.3e-5,1,2.426428,-4e-5,1,0.602049,0.601182,0.1074,0,PSF-00189_20240510154537,PFA-00183,PSA-00195,PSF-00189,RHS-00549,2.0.0,2023-06-15T18:05:35Z
2,15:49:56,2024-05-10,DURIN config,Nicole Bison,NA,26068,NA,NA,0.017287,2.916698,0.017185,0.324814,1.344603,1.335456,3.207446,1.862844,13.244105,13.334816,31.809174,0.441786,PSF-00189_20240510154956,0,0,0,147.484299,485.999817,0.696534,0.5,0.8,5.449299,39.64,39.37,26.09,25.15,100.83,156.1,146.6,6.1,20,3.629,15:45:28,2024-05-10,-0.45,0.002,-0,-9999,1.848,10.715,-9999,1,150,0.005,2.000000,0,rectangular,7000,500,-9999.000000,-9999.000000,55537,55537,55537,0,-9999,0,0,0,0,2.431448,2.495029,1.650575,0.907115,0.261129,-0.009951,0.208431,0.123821,147.484299,0.000437,2.368202,-3.3e-5,1,2.426428,-4e-5,1,0.602049,0.601182,0.1074,0,PSF-00189_20240510154956,PFA-00183,PSA-00195,PSF-00189,RHS-00549,2.0.0,2023-06-15T18:05:35Z
3,15:53:09,2024-05-10,DURIN config,Nicole Bison,NA,27967,NA,NA,0.428643,2.917948,0.373741,4.811181,1.465180,1.329997,2.736151,1.270972,13.190229,14.530898,27.135744,0.441786,PSF-00189_20240510155309,0,0,0,106.678963,472.106323,0.774036,0.5,0.8,5.804922,42.95,38.99,26.18,22.50,100.83,156.2,145.6,6.8,19,3.627,15:45:28,2024-05-10,-0.45,0.002,0.005,0.01,0.383,0.884,2.1,1,150,0.005,2.000000,0,rectangular,7000,500,-9999.000000,-9999.000000,55537,55537,55537,0,-9999,0,0,0,0,2.430905,2.499913,1.651885,0.904656,0.260158,-0.041869,0.231467,0.123141,106.678963,0.000434,2.368202,-3.3e-5,1,2.426428,-4e-5,1,0.602049,0.601182,0.1074,0,PSF-00189_20240510155309,PFA-00183,PSA-00195,PSF-00189,RHS-00549,2.0.0,2023-06-15T18:05:35Z
4,15:55:28,2024-05-10,DURIN config,Nicole Bison,NA,26743,NA,NA,0.224565,2.914495,0.208500,2.972492,1.461759,1.378016,2.868305,1.406546,13.667471,14.498055,28.448492,0.441786,PSF-00189_20240510155528,0,0,0,93.651291,472.567688,0.801825,0.5,0.8,6.269070,42.74,40.29,26.23,23.28,100.82,155.8,133.5,14.3,20,3.625,15:45:28,2024-05-10,-0.45,-0,0.002,-9999,0.099,0.305,-9999,1,150,0.005,2.000000,0,rectangular,7000,500,-9999.000000,-9999.000000,55537,55537,55537,0,-9999,0,0,0,0,2.432709,2.499596,1.648275,0.875045,0.259711,-0.033395,0.246688,0.123811,93.651291,0.000433,2.368202,-3.3e-5,1,2.426428,-4e-5,1,0.602049,0.601182,0.1074,0,PSF-00189_20240510155528,PFA-00183,PSA-00195,PSF-00189,RHS-00549,2.0.0,2023-06-15T18:05:35Z
5,15:57:13,2024-05-10,DURIN config,Nicole Bison,NA,24604,NA,NA,0.014287,2.918502,0.014217,0.269370,1.390833,1.383262,3.257195,1.866362,13.718959,13.794044,32.304310,0.441786,PSF-00189_20240510155713,0,0,0,91.160057,429.160248,0.787585,0.5,0.8,5.678945,40.54,40.32,26.28,25.40,100.83,156.3,150.2,3.9,18,3.588,15:55:54,2024-05-10,-0.45,-0.001,-0.001,-9999,0.06,0.199,-9999,1,150,0.005,2.000000,0,rectangular,7000,500,-9999.000000,-9999.000000,55537,55537,55537,0,-9999,0,0,0,0,2.432733,2.496330,1.652467,0.916315,0.259156,-0.009167,0.257790,0.122535,91.160057,0.000428,2.368202,-3.3e-5,1,2.426428,-4e-5,1,0.602049,0.601182,0.1074,0,PSF-00189_20240510155713,PFA-00183,PSA-00195,PSF-00189,RHS-00549,2.0.0,2023-06-15T18:05:35Z
6,15:59:02,2024-05-10,DURIN config,Nicole Bison,NA,24762,NA,NA,0.103188,2.918449,0.099664,1.640726,1.411887,1.365780,3.035236,1.623349,13.545068,14.002333,30.101835,0.441786,PSF-00189_20240510155902,0,0,0,237.869385,391.118652,0.391823,0.5,0.8,2.901244,41.05,39.71,26.32,24.22,100.83,156.3,146.6,6.2,19,3.587,15:55:54,2024-05-10,-0.45,0.001,0,-9999,9.176,23.436,-9999,1,150,0.005,2.000000,0,rectangular,7000,500,-9999.000000,-9999.000000,55537,55537,55537,0,-9999,0,0,0,0,2.431882,2.497079,1.652411,0.907235,0.258724,-0.023592,0.268894,0.122942,237.869385,0.000422,2.368202,-3.3e-5,1,2.426428,-4e-5,1,0.602049,0.601182,0.1074,0,PSF-00189_20240510155902,PFA-00183,PSA-00195,PSF-00189,RHS-00549,2.0.0,2023-06-15T18:05:35Z
7,16:01:03,2024-05-10,DURIN config,Nicole Bison,NA,21941,NA,NA,0.009736,2.916862,0.009703,0.179884,1.358720,1.353657,3.185790,1.827070,13.425370,13.475593,31.596203,0.441786,PSF-00189_20240510160103,0,0,0,90.616104000000007,450.803864,0.79899,0.5,0.8,5.922636,39.35,39.20,26.39,25.03,100.83,156.1,133.5,14.5,19,3.622,15:55:54,2024-05-10,-0.45,-0.001,-0.001,-9999,0.006,0.083,-9999,1,150,0.005,2.000000,0,rectangular,7000,500,-9999.000000,-9999.000000,55537,55537,55537,0,-9999,0,0,0,0,2.431162,2.494538,1.650747,0.875056,0.258035,-0.014877,0.280611,0.122959,90.616104,0.000431,2.368202,-3.3e-5,1,2.426428,-4e-5,1,0.602049,0.601182,0.1074,0,PSF-00189_20240510160103,PFA-00183,PSA-00195,PSF-00189,RHS-00549,2.0.0,2023-06-15T18:05:35Z
8,16:03:02,2024-05-10,DURIN config,Nicole Bison,NA,22303,NA,NA,0.035518,2.917763,0.035091,0.671088,1.346219,1.327338,3.230793,1.884574,13.163919,13.351174,32.041508,0.441786,PSF-00189_20240510160302,0,0,0,89.871529,444.713837,0.797912,0.5,0.8,5.781275,38.82,38.28,26.46,25.27,100.83,156.2,154.1,1.3,18,3.621,15:55:54,2024-05-10,-0.45,-0,0.001,-9999,0.179,0.503,-9999,1,150,0.005,2.000000,0,rectangular,7000,500,-9999.000000,-9999.000000,55537,55537,55537,0,-9999,0,0,0,0,2.429859,2.493737,1.651691,0.926148,0.257296,-0.012957,0.291754,0.122608,89.871529,0.000437,2.368202,-3.3e-5,1,2.426428,-4e-5,1,0.602049,0.601182,0.1074,0,PSF-00189_20240510160302,PFA-00183,PSA-00195,PSF-00189,RHS-00549,2.0.0,2023-06-15T18:05:35Z
9,16:04:57,2024-05-10,DURIN config,Nicole Bison,NA,20773,NA,NA,0.005916,2.914441,0.005904,0.119169,1.371630,1.368269,3.358914,1.987285,13.570464,13.603794,33.313641,0.441786,PSF-00189_20240510160457,0,0,0,94.537857,453.05835,0.791334,0.5,0.8,5.735505,39.39,39.29,26.53,25.92,100.83,155.8,143.1,8.2,18,3.620,15:55:54,2024-05-10,-0.45,0.001,-0.002,-9999,0.31,1.435,-9999,1,150,0.005,2.000000,0,rectangular,7000,500,-9999.000000,-9999.000000,55537,55537,55537,0,-9999,0,0,0,0,2.431257,2.494565,1.648218,0.898451,0.256563,-0.006036,0.302320,0.122613,94.537857,0.000429,2.368202,-3.3e-5,1,2.426428,-4e-5,1,0.602049,0.601182,0.1074,0,PSF-00189_20240510160457,PFA-00183,PSA-00195,PSF-00189,RHS-00549,2.0.0,2023-06-15T18:05:35Z
10,16:07:06,2024-05-10,DURIN config,Nicole Bison,NA,29801,NA,NA,0.126376,2.916584,0.121127,2.092709,1.425453,1.366571,3.128050,1.702597,13.553988,14.137995,31.024776,0.441786,PSF-00189_20240510160706,0,0,0,94.826103,431.880707,0.780434,0.5,0.8,5.359844,40.70,39.02,26.63,24.73,100.82,156.1,128.8,17.5,17,3.619,15:55:54,2024-05-10,-0.45,0,0.001,-9999,0.061,0.024,-9999,1,150,0.005,2.000000,0,rectangular,7000,500,-9999.000000,-9999.000000,55537,55537,55537,0,-9999,0,0,0,0,2.430855,2.496487,1.650455,0.863762,0.255560,-0.021391,0.313727,0.121815,94.826103,0.000428,2.368202,-3.3e-5,1,2.426428,-4e-5,1,0.602049,0.601182,0.1074,0,PSF-00189_20240510160706,PFA-00183,PSA-00195,PSF-00189,RHS-00549,2.0.0,2023-06-15T18:05:35Z
11,16:09:42,2024-05-10,DURIN config,Nicole Bison,NA,23588,NA,NA,0.064679,2.918457,0.063277,1.143673,1.381042,1.348898,3.162175,1.781133,13.379636,13.698470,31.365421,0.441786,PSF-00189_20240510160942,0,0,0,100.539566,435.331116,0.76905,0.5,0.8,5.455279,39.11,38.20,26.77,24.91,100.82,156.3,129.8,16.9,18,3.617,16:07:42,2024-05-10,-0.44,0.001,0.001,-9999,0.126,0.129,-9999,1,150,0.005,2.000000,0,rectangular,7000,500,-9999.000000,-9999.000000,55537,55537,55537,0,-9999,0,0,0,0,2.429693,2.494089,1.652420,0.866136,0.254169,-0.020899,0.327054,0.122289,100.539566,0.000430,2.368202,-3.3e-5,1,2.426428,-4e-5,1,0.602049,0.601182,0.1074,0,PSF-00189_20240510160942,PFA-00183,PSA-00195,PSF-00189,RHS-00549,2.0.0,2023-06-15T18:05:35Z
12,16:11:46,2024-05-10,DURIN config,Nicole Bison,NA,24341,NA,NA,0.038642,2.916961,0.038137,0.703353,1.425427,1.405647,3.241458,1.816032,13.944668,14.140892,32.156765,0.441786,PSF-00189_20240510161146,0,0,0,91.523048,418.466797,0.78129,0.5,0.8,5.249770,40.22,39.66,26.83,25.32,100.80,156.1,131.9,15.5,17,3.616,16:07:42,2024-05-10,-0.44,0,0.004,-9999,-0.122,-0.144,-9999,1,150,0.005,2.000000,0,rectangular,7000,500,-9999.000000,-9999.000000,55537,55537,55537,0,-9999,0,0,0,0,2.431713,2.495722,1.650851,0.871112,0.253537,-0.016743,0.337242,0.121504,91.523048,0.000436,2.368202,-3.3e-5,1,2.426428,-4e-5,1,0.602049,0.601182,0.1074,0,PSF-00189_20240510161146,PFA-00183,PSA-00195,PSF-00189,RHS-00549,2.0.0,2023-06-15T18:05:35Z
13,16:15:20,2024-05-10,DURIN config,Nicole Bison,NA,27901,NA,NA,0.043008,2.917754,0.042383,0.858504,1.432447,1.408322,3.424950,1.992503,13.972076,14.211419,33.979191,0.441786,PSF-00189_20240510161520,0,0,0,80.144409,286.589752,0.720351,0.5,0.8,3.166191,39.98,39.31,27.02,26.25,100.80,156.2,144.4,7.5,11,3.610,16:07:42,2024-05-10,-0.44,-0.001,-0.001,-9999,0.546,0.276,-9999,1,150,0.005,2.000000,0,rectangular,7000,500,-9999.000000,-9999.000000,55537,55537,55537,0,-9999,0,0,0,0,2.431182,2.495325,1.651681,0.901816,0.251672,-0.007933,0.354378,0.116626,80.144409,0.000445,2.368202,-3.3e-5,1,2.426428,-4e-5,1,0.602049,0.601182,0.1074,0,PSF-00189_20240510161520,PFA-00183,PSA-00195,PSF-00189,RHS-00549,2.0.0,2023-06-15T18:05:35Z
14,16:17:30,2024-05-10,DURIN config,Nicole Bison,NA,22603,NA,NA,0.195357,2.915905,0.183091,2.837527,1.467378,1.387552,2.994946,1.527568,13.765808,14.557755,29.712648,0.441786,PSF-00189_20240510161730,0,0,0,101.634262,431.962616,0.764715,0.5,0.8,4.913513,40.76,38.55,27.10,24.00,100.80,156.0,135.6,13.1,16,3.613,16:07:42,2024-05-10,-0.44,-0.001,0,-9999,-0.053,0.041,-9999,1,150,0.005,2.000000,0,rectangular,7000,500,-9999.000000,-9999.000000,55537,55537,55537,0,-9999,0,0,0,0,2.430110,2.496470,1.649746,0.879971,0.250880,-0.035473,0.364092,0.120886,101.634262,0.000436,2.368202,-3.3e-5,1,2.426428,-4e-5,1,0.602049,0.601182,0.1074,0,PSF-00189_20240510161730,PFA-00183,PSA-00195,PSF-00189,RHS-00549,2.0.0,2023-06-15T18:05:35Z
15,16:19:50,2024-05-10,DURIN config,Nicole Bison,NA,27826,NA,NA,0.041770,2.916156,0.041180,0.848486,1.400386,1.376503,3.427623,2.027237,13.655450,13.892374,34.003349,0.441786,PSF-00189_20240510161950,0,0,0,111.483696,377.323151,0.70454,0.5,0.8,4.383783,38.76,38.10,27.16,26.27,100.80,156.0,129.2,17.2,16,3.606,16:17:51,2024-05-10,-0.45,-0,-0,-9999,-0.479,-0.856,-9999,1,150,0.005,2.000000,0,rectangular,7000,500,-9999.000000,-9999.000000,55537,55537,55537,0,-9999,0,0,0,0,2.429483,2.493507,1.650007,0.864636,0.250279,-0.009459,0.374457,0.120460,111.483696,0.000438,2.368202,-3.3e-5,1,2.426428,-4e-5,1,0.602049,0.601182,0.1074,0,PSF-00189_20240510161950,PFA-00183,PSA-00195,PSF-00189,RHS-00549,2.0.0,2023-06-15T18:05:35Z
16,16:21:55,2024-05-10,DURIN config,Nicole Bison,NA,26103,NA,NA,0.021822,2.917444,0.021660,0.443569,1.410819,1.398348,3.425591,2.014772,13.872221,13.995941,33.983364,0.441786,PSF-00189_20240510162155,0,0,0,85.441589,300.433868,0.715606,0.5,0.8,3.856289,38.96,38.62,27.20,26.26,100.80,156.2,136.4,12.7,13,3.611,16:17:51,2024-05-10,-0.45,-0.002,-0.002,-9999,-0.189,0.054,-9999,1,150,0.005,2.000000,0,rectangular,7000,500,-9999.000000,-9999.000000,55537,55537,55537,0,-9999,0,0,0,0,2.430191,2.493792,1.651356,0.881995,0.249882,-0.010062,0.383441,0.118711,85.441589,0.000431,2.368202,-3.3e-5,1,2.426428,-4e-5,1,0.602049,0.601182,0.1074,0,PSF-00189_20240510162155,PFA-00183,PSA-00195,PSF-00189,RHS-00549,2.0.0,2023-06-15T18:05:35Z
17,16:23:54,2024-05-10,DURIN config,Nicole Bison,NA,24994,NA,NA,0.029709,2.917212,0.029409,0.589823,1.417133,1.400549,3.390455,1.973323,13.894778,14.059311,33.636555,0.441786,PSF-00189_20240510162354,0,0,0,103.581909,408.429626,0.74639,0.5,0.8,5.223828,39.06,38.60,27.23,26.08,100.80,156.1,134.2,14.1,17,3.610,16:17:51,2024-05-10,-0.45,-0,0,-9999,-0.134,-0.461,-9999,1,150,0.005,2.000000,0,rectangular,7000,500,-9999.000000,-9999.000000,55537,55537,55537,0,-9999,0,0,0,0,2.430159,2.493925,1.651114,0.876663,0.249535,-0.012567,0.391544,0.122090,103.581909,0.000433,2.368202,-3.3e-5,1,2.426428,-4e-5,1,0.602049,0.601182,0.1074,0,PSF-00189_20240510162354,PFA-00183,PSA-00195,PSF-00189,RHS-00549,2.0.0,2023-06-15T18:05:35Z
18,16:25:54,2024-05-10,DURIN config,Nicole Bison,NA,26427,NA,NA,0.027490,2.917907,0.027233,0.556402,1.395366,1.379727,3.405699,2.010332,13.688344,13.843502,33.788116,0.441786,PSF-00189_20240510162554,0,0,0,63.046932,259.197601,0.756761,0.5,0.8,4.009860,38.36,37.93,27.27,26.16,100.80,156.2,132.3,15.3,13,3.609,16:17:51,2024-05-10,-0.45,0,-0,-9999,-0.071,-0.018,-9999,1,150,0.005,2.000000,0,rectangular,7000,500,-9999.000000,-9999.000000,55537,55537,55537,0,-9999,0,0,0,0,2.429224,2.492885,1.651842,0.872005,0.249128,-0.012158,0.399860,0.118522,63.046932,0.000443,2.368202,-3.3e-5,1,2.426428,-4e-5,1,0.602049,0.601182,0.1074,0,PSF-00189_20240510162554,PFA-00183,PSA-00195,PSF-00189,RHS-00549,2.0.0,2023-06-15T18:05:35Z
1,14:33:51,2024-05-14,DURIN config,Nicole Bison,NA,34521,NA,NA,0.009427,2.918142,0.009397,0.129357,1.283998,1.280344,2.650299,1.366301,12.649397,12.685506,26.184134,0.441786,PSF-00189_20240514143351_33b,0,0,0,107.449295,426.516663,0.748077,0.5,0.8,11.716195,48.76,48.62,21.88,21.98,101.22,156.3,155.8,0.3,39,3.853,14:31:06,2024-05-14,-0.55,-0,-0.001,-9999,0.073,-0.033,-9999,1,150,0.005,2.000000,0,rectangular,7000,500,-9999.000000,-9999.000000,55537,55537,55537,0,-9999,0,0,0,0,2.445070,2.509558,1.652088,0.930480,0.309020,0.002606,0.101581,0.140273,107.449295,0.000456,2.368202,-3.3e-5,1,2.426428,-4e-5,1,0.602049,0.601182,0.1074,0,PSF-00189_20240514143351_33b,PFA-00183,PSA-00195,PSF-00189,RHS-00549,3.0.0,2023-06-15T18:05:35Z
2,14:38:23,2024-05-14,DURIN config,Nicole Bison,NA,33847,NA,NA,0.010454,2.915994,0.010417,0.176162,1.324595,1.319612,2.999709,1.675114,13.037774,13.087010,29.637148,0.441786,PSF-00189_20240514143823_7bf,0,0,0,141.209,463.019012,0.695025,0.5,0.8,16.387129,47.72,47.54,22.74,24.03,101.21,156.0,156.0,-0.0,59,3.853,14:31:06,2024-05-14,-0.55,-0,-0,-9999,0.942,2.811,-9999,1,150,0.005,2.000000,0,rectangular,7000,500,-9999.000000,-9999.000000,55537,55537,55537,0,-9999,0,0,0,0,2.443405,2.507835,1.649839,0.930973,0.298493,0.016392,0.136399,0.156889,141.209000,0.000458,2.368202,-3.3e-5,1,2.426428,-4e-5,1,0.602049,0.601182,0.1074,0,PSF-00189_20240514143823_7bf,PFA-00183,PSA-00195,PSF-00189,RHS-00549,3.0.0,2023-06-15T18:05:35Z
3,14:41:01,2024-05-14,DURIN config,Nicole Bison,NA,35208,NA,NA,0.003606,2.916871,0.003602,0.051621,1.349679,1.348220,2.770621,1.420942,13.321214,13.335628,27.375378,0.441786,PSF-00189_20240514144101_ac0,0,0,0,109.891891,420.620789,0.738739,0.5,0.8,15.192058,47.32,47.27,23.19,22.71,101.21,156.1,155.5,0.4,51,3.848,14:31:06,2024-05-14,-0.55,-0.001,-0,-9999,-0.219,-0.468,-9999,1,150,0.005,2.000000,0,rectangular,7000,500,-9999.000000,-9999.000000,55537,55537,55537,0,-9999,0,0,0,0,2.442940,2.507150,1.650756,0.929793,0.293196,-0.004196,0.154657,0.150565,109.891891,0.000448,2.368202,-3.3e-5,1,2.426428,-4e-5,1,0.602049,0.601182,0.1074,0,PSF-00189_20240514144101_ac0,PFA-00183,PSA-00195,PSF-00189,RHS-00549,3.0.0,2023-06-15T18:05:35Z
4,14:42:53,2024-05-14,DURIN config,Nicole Bison,NA,36038,NA,NA,0.012217,2.917442,0.012166,0.194184,1.374425,1.368941,2.955184,1.580760,13.526550,13.580735,29.200274,0.441786,PSF-00189_20240514144253_616,0,0,0,112.907051,467.303741,0.758386,0.5,0.8,15.832957,47.25,47.06,23.51,23.78,101.20,156.2,155.9,0.2,52,3.846,14:41:19,2024-05-14,-0.61,-0.001,-0.002,-9999,0.828,1.364,-9999,1,150,0.005,2.000000,0,rectangular,7000,500,-9999.000000,-9999.000000,55537,55537,55537,0,-9999,0,0,0,0,2.442582,2.507061,1.651354,0.930734,0.289396,0.004425,0.167061,0.151220,112.907051,0.000444,2.368202,-3.3e-5,1,2.426428,-4e-5,1,0.602049,0.601182,0.1074,0,PSF-00189_20240514144253_616,PFA-00183,PSA-00195,PSF-00189,RHS-00549,3.0.0,2023-06-15T18:05:35Z
5,14:45:15,2024-05-14,DURIN config,Nicole Bison,NA,36731,NA,NA,0.002821,2.917342,0.002818,0.041377,1.400322,1.399154,2.855028,1.454706,13.823511,13.835054,28.207422,0.441786,PSF-00189_20240514144515_182,0,0,0,122.919556,444.301117,0.723342,0.5,0.8,12.944168,47.22,47.18,23.84,23.21,101.22,156.2,155.9,0.2,45,3.812,14:41:19,2024-05-14,-0.61,-0,-0.001,-9999,0.305,0.349,-9999,1,150,0.005,2.000000,0,rectangular,7000,500,-9999.000000,-9999.000000,55537,55537,55537,0,-9999,0,0,0,0,2.442669,2.506938,1.651249,0.930585,0.285704,-0.006014,0.182162,0.144961,122.919556,0.000436,2.368202,-3.3e-5,1,2.426428,-4e-5,1,0.602049,0.601182,0.1074,0,PSF-00189_20240514144515_182,PFA-00183,PSA-00195,PSF-00189,RHS-00549,3.0.0,2023-06-15T18:05:35Z
6,14:46:41,2024-05-14,DURIN config,Nicole Bison,NA,38025,NA,NA,0.015013,2.918758,0.014936,0.224935,1.411331,1.404987,2.903199,1.491868,13.880424,13.943100,28.681856,0.441786,PSF-00189_20240514144641_c32,0,0,0,117.686035,460.951569,0.744689,0.5,0.8,16.392921,47.06,46.85,24.02,23.48,101.22,156.3,155.8,0.4,55,3.841,14:41:19,2024-05-14,-0.61,-0,-0,-9999,0.124,0.629,-9999,1,150,0.005,2.000000,0,rectangular,7000,500,-9999.000000,-9999.000000,55537,55537,55537,0,-9999,0,0,0,0,2.442183,2.506668,1.652736,0.930353,0.283601,-0.004955,0.190935,0.153605,117.686035,0.000442,2.368202,-3.3e-5,1,2.426428,-4e-5,1,0.602049,0.601182,0.1074,0,PSF-00189_20240514144641_c32,PFA-00183,PSA-00195,PSF-00189,RHS-00549,3.0.0,2023-06-15T18:05:35Z
7,14:49:16,2024-05-14,DURIN config,Nicole Bison,NA,38386,NA,NA,0.057032,2.916808,0.055939,0.848342,1.489482,1.465537,2.990592,1.501109,14.478516,14.715080,29.545027,0.441786,PSF-00189_20240514144916_2ed,0,0,0,128.512497,468.302979,0.725578,0.5,0.8,16.383541,48.78,48.00,24.32,23.98,101.22,156.1,150.8,3.4,56,3.807,14:41:19,2024-05-14,-0.61,-0,-0.001,-9999,-0.867,-1.845,-9999,1,150,0.005,2.000000,0,rectangular,7000,500,-9999.000000,-9999.000000,55537,55537,55537,0,-9999,0,0,0,0,2.443672,2.509094,1.650689,0.917696,0.280217,-0.002731,0.206427,0.154795,128.512497,0.000429,2.368202,-3.3e-5,1,2.426428,-4e-5,1,0.602049,0.601182,0.1074,0,PSF-00189_20240514144916_2ed,PFA-00183,PSA-00195,PSF-00189,RHS-00549,3.0.0,2023-06-15T18:05:35Z
8,14:53:29,2024-05-14,DURIN config,Nicole Bison,NA,35764,NA,NA,0.002848,2.917869,0.002845,0.044456,1.488442,1.487189,3.034603,1.546161,14.694051,14.706437,29.983160,0.441786,PSF-00189_20240514145329_b3a,0,0,0,105.824234,417.736877,0.746673,0.5,0.8,14.004771,47.76,47.72,24.66,24.22,101.21,156.2,152.3,2.5,47,3.824,14:41:19,2024-05-14,-0.61,-0.001,-0.002,-9999,0.045,0.116,-9999,1,150,0.005,2.000000,0,rectangular,7000,500,-9999.000000,-9999.000000,55537,55537,55537,0,-9999,0,0,0,0,2.443211,2.507520,1.651802,0.921661,0.276398,-0.003932,0.230326,0.146769,105.824234,0.000443,2.368202,-3.3e-5,1,2.426428,-4e-5,1,0.602049,0.601182,0.1074,0,PSF-00189_20240514145329_b3a,PFA-00183,PSA-00195,PSF-00189,RHS-00549,3.0.0,2023-06-15T18:05:35Z
9,14:55:57,2024-05-14,DURIN config,Nicole Bison,NA,27057,NA,NA,-0.004059,2.916769,-0.004065,-0.061205,1.497832,1.499559,2.987954,1.490123,14.817849,14.800782,29.525387,0.441786,PSF-00189_20240514145557_f91,0,0,0,103.278282,394.297607,0.73807,0.5,0.8,13.953961,47.57,47.62,24.84,23.96,101.20,156.1,155.6,0.3,47,3.799,14:53:47,2024-05-14,-0.60,-0.001,-0,-9999,0.339,0.02,-9999,1,150,0.005,2.000000,0,rectangular,7000,500,-9999.000000,-9999.000000,55537,55537,55537,0,-9999,0,0,0,0,2.443043,2.507182,1.650649,0.929957,0.274504,-0.008993,0.243657,0.147083,103.278282,0.000445,2.368202,-3.3e-5,1,2.426428,-4e-5,1,0.602049,0.601182,0.1074,0,PSF-00189_20240514145557_f91,PFA-00183,PSA-00195,PSF-00189,RHS-00549,3.0.0,2023-06-15T18:05:35Z
10,14:58:36,2024-05-14,DURIN config,Nicole Bison,NA,30786,NA,NA,-0.000218,2.918678,-0.000218,-0.003397,1.538517,1.538613,3.081588,1.543071,15.203080,15.202135,30.449272,0.441786,PSF-00189_20240514145836_724,0,0,0,108.08194,440.09436,0.754412,0.5,0.8,12.552193,48.48,48.48,24.97,24.48,101.20,156.3,155.6,0.5,42,3.796,14:53:47,2024-05-14,-0.60,-0.001,0,-9999,0.04,0.005,-9999,1,150,0.005,2.000000,0,rectangular,7000,500,-9999.000000,-9999.000000,55537,55537,55537,0,-9999,0,0,0,0,2.444181,2.508478,1.652652,0.929811,0.273085,-0.004493,0.257538,0.142323,108.081940,0.000428,2.368202,-3.3e-5,1,2.426428,-4e-5,1,0.602049,0.601182,0.1074,0,PSF-00189_20240514145836_724,PFA-00183,PSA-00195,PSF-00189,RHS-00549,3.0.0,2023-06-15T18:05:35Z
11,15:00:07,2024-05-14,DURIN config,Nicole Bison,NA,38114,NA,NA,0.043173,2.916111,0.042543,0.736417,1.576519,1.555745,3.286093,1.709574,15.373813,15.579099,32.473038,0.441786,PSF-00189_20240514150007_fa7,0,0,0,126.246933,449.597961,0.7192,0.5,0.8,14.517357,49.44,48.79,25.05,25.55,101.19,156.0,154.4,1.1,50,3.800,14:53:47,2024-05-14,-0.60,-0,-0.001,-9999,0.42,-0.403,-9999,1,150,0.005,2.000000,0,rectangular,7000,500,-9999.000000,-9999.000000,55537,55537,55537,0,-9999,0,0,0,0,2.444580,2.509852,1.649960,0.926808,0.272223,0.007324,0.265277,0.149768,126.246933,0.000432,2.368202,-3.3e-5,1,2.426428,-4e-5,1,0.602049,0.601182,0.1074,0,PSF-00189_20240514150007_fa7,PFA-00183,PSA-00195,PSF-00189,RHS-00549,3.0.0,2023-06-15T18:05:35Z
12,15:06:46,2024-05-14,DURIN config,Nicole Bison,NA,36912,NA,NA,0.000182,2.917509,0.000182,0.002730,1.623533,1.623456,3.104165,1.480632,16.041574,16.042336,30.672657,0.441786,PSF-00189_20240514150646_4e5,0,0,0,102.18644,415.228119,0.753903,0.5,0.8,12.634412,50.22,50.22,25.28,24.60,101.20,156.2,131.8,15.6,42,3.786,14:53:47,2024-05-14,-0.60,0,0,-9999,-0.095,-0.192,-9999,1,150,0.005,2.000000,0,rectangular,7000,500,-9999.000000,-9999.000000,55537,55537,55537,0,-9999,0,0,0,0,2.446445,2.510913,1.651424,0.870981,0.269710,-0.006755,0.297530,0.142576,102.186440,0.000439,2.368202,-3.3e-5,1,2.426428,-4e-5,1,0.602049,0.601182,0.1074,0,PSF-00189_20240514150646_4e5,PFA-00183,PSA-00195,PSF-00189,RHS-00549,3.0.0,2023-06-15T18:05:35Z
13,15:10:29,2024-05-14,DURIN config,Nicole Bison,NA,31841,NA,NA,-0.003853,2.918172,-0.003858,-0.054308,1.656589,1.658117,3.048160,1.391572,16.384474,16.369371,30.120012,0.441786,PSF-00189_20240514151029_073,0,0,0,107.217552,430.091492,0.75071,0.5,0.8,13.749725,51.00,51.05,25.36,24.29,101.20,156.3,155.2,0.7,46,3.811,15:07:05,2024-05-14,-0.63,0.001,-0.002,-9999,-0.398,0.243,-9999,1,150,0.005,2.000000,0,rectangular,7000,500,-9999.000000,-9999.000000,55537,55537,55537,0,-9999,0,0,0,0,2.447541,2.512065,1.652121,0.928858,0.268857,-0.011272,0.314368,0.145844,107.217552,0.000445,2.368202,-3.3e-5,1,2.426428,-4e-5,1,0.602049,0.601182,0.1074,0,PSF-00189_20240514151029_073,PFA-00183,PSA-00195,PSF-00189,RHS-00549,3.0.0,2023-06-15T18:05:35Z
14,15:15:30,2024-05-14,DURIN config,Nicole Bison,NA,35106,NA,NA,0.001363,2.916625,0.001362,0.018018,1.739977,1.739470,3.046879,1.306901,17.189245,17.194258,30.108908,0.441786,PSF-00189_20240514151530_942,0,0,0,117.231133,456.410767,0.743146,0.5,0.8,10.724385,53.32,53.30,25.44,24.29,101.20,156.1,155.3,0.5,36,3.806,15:07:05,2024-05-14,-0.63,-0.001,-0.001,-9999,-1.205,-2.498,-9999,1,150,0.005,2.000000,0,rectangular,7000,500,-9999.000000,-9999.000000,55537,55537,55537,0,-9999,0,0,0,0,2.450542,2.515375,1.650498,0.929041,0.268022,-0.012281,0.336250,0.137690,117.231133,0.000439,2.368202,-3.3e-5,1,2.426428,-4e-5,1,0.602049,0.601182,0.1074,0,PSF-00189_20240514151530_942,PFA-00183,PSA-00195,PSF-00189,RHS-00549,3.0.0,2023-06-15T18:05:35Z
15,15:20:55,2024-05-14,DURIN config,Nicole Bison,NA,34680,NA,NA,0.023453,2.918097,0.023266,0.395089,1.714063,1.702951,3.389184,1.675121,16.828493,16.938305,33.491783,0.441786,PSF-00189_20240514152055_723,0,0,0,107.613083,446.320648,0.758888,0.5,0.8,9.389349,52.25,51.91,25.53,26.07,101.19,156.3,155.2,0.6,31,3.767,15:07:05,2024-05-14,-0.63,0,0.002,-9999,0.125,0.367,-9999,1,150,0.005,2.000000,0,rectangular,7000,500,-9999.000000,-9999.000000,55537,55537,55537,0,-9999,0,0,0,0,2.448659,2.513818,1.652042,0.929025,0.267075,0.007845,0.358636,0.133369,107.613083,0.000431,2.368202,-3.3e-5,1,2.426428,-4e-5,1,0.602049,0.601182,0.1074,0,PSF-00189_20240514152055_723,PFA-00183,PSA-00195,PSF-00189,RHS-00549,3.0.0,2023-06-15T18:05:35Z
16,15:26:23,2024-05-14,DURIN config,Nicole Bison,NA,34122,NA,NA,-0.009439,2.917167,-0.009470,-0.141151,1.662030,1.666005,3.134763,1.472733,16.461569,16.422287,30.974155,0.441786,PSF-00189_20240514152623_db9,0,0,0,106.099251,447.352753,0.762829,0.5,0.8,9.698566,50.29,50.41,25.65,24.76,101.21,156.1,155.6,0.4,32,3.791,15:21:13,2024-05-14,-0.65,0,0.001,-9999,-0.015,0.077,-9999,1,150,0.005,2.000000,0,rectangular,7000,500,-9999.000000,-9999.000000,55537,55537,55537,0,-9999,0,0,0,0,2.446615,2.510993,1.651066,0.929853,0.265744,-0.009240,0.379961,0.134086,106.099251,0.000427,2.368202,-3.3e-5,1,2.426428,-4e-5,1,0.602049,0.601182,0.1074,0,PSF-00189_20240514152623_db9,PFA-00183,PSA-00195,PSF-00189,RHS-00549,3.0.0,2023-06-15T18:05:35Z
17,15:28:58,2024-05-14,DURIN config,Nicole Bison,NA,31552,NA,NA,-0.008048,2.917666,-0.008071,-0.144031,1.647701,1.651757,3.408881,1.761180,16.319296,16.279222,33.679607,0.441786,PSF-00189_20240514152858_33a,0,0,0,108.325836,434.485321,0.75068,0.5,0.8,11.366217,49.78,49.90,25.68,26.17,101.21,156.2,154.2,1.3,38,3.790,15:21:13,2024-05-14,-0.65,-0.001,-0.001,-9999,-0.707,-2.508,-9999,1,150,0.005,2.000000,0,rectangular,7000,500,-9999.000000,-9999.000000,55537,55537,55537,0,-9999,0,0,0,0,2.445932,2.510258,1.651590,0.926297,0.265486,0.007229,0.389686,0.139181,108.325836,0.000428,2.368202,-3.3e-5,1,2.426428,-4e-5,1,0.602049,0.601182,0.1074,0,PSF-00189_20240514152858_33a,PFA-00183,PSA-00195,PSF-00189,RHS-00549,3.0.0,2023-06-15T18:05:35Z
18,15:31:48,2024-05-14,DURIN config,Nicole Bison,NA,36432,NA,NA,0.029677,2.917305,0.029378,0.431091,1.645329,1.633187,3.095613,1.450283,16.137253,16.257231,30.587242,0.441786,PSF-00189_20240514153148_368,0,0,0,114.798904,450.723053,0.745301,0.5,0.8,11.786868,49.60,49.24,25.71,24.55,101.21,156.2,155.2,0.6,40,3.756,15:21:13,2024-05-14,-0.65,0,0.001,-9999,-0.103,-0.254,-9999,1,150,0.005,2.000000,0,rectangular,7000,500,-9999.000000,-9999.000000,55537,55537,55537,0,-9999,0,0,0,0,2.445028,2.509994,1.651210,0.929036,0.265107,-0.012432,0.400064,0.140595,114.798904,0.000438,2.368202,-3.3e-5,1,2.426428,-4e-5,1,0.602049,0.601182,0.1074,0,PSF-00189_20240514153148_368,PFA-00183,PSA-00195,PSF-00189,RHS-00549,3.0.0,2023-06-15T18:05:35Z
19,15:36:15,2024-05-14,DURIN config,Nicole Bison,NA,35469,NA,NA,0.007339,2.917049,0.007320,0.112626,1.637032,1.633858,3.157189,1.520157,16.144487,16.175842,31.196823,0.441786,PSF-00189_20240514153615_afa,0,0,0,131.111389,468.38092,0.720075,0.5,0.8,14.709849,49.05,48.96,25.81,24.88,101.20,156.1,152.1,2.6,51,3.782,15:32:13,2024-05-14,-0.58,0.001,0.002,-9999,1.368,-0.624,-9999,1,150,0.005,2.000000,0,rectangular,7000,500,-9999.000000,-9999.000000,55537,55537,55537,0,-9999,0,0,0,0,2.444631,2.509078,1.650942,0.920918,0.264029,-0.009768,0.415708,0.150278,131.111389,0.000441,2.368202,-3.3e-5,1,2.426428,-4e-5,1,0.602049,0.601182,0.1074,0,PSF-00189_20240514153615_afa,PFA-00183,PSA-00195,PSF-00189,RHS-00549,3.0.0,2023-06-15T18:05:35Z
20,15:38:36,2024-05-14,DURIN config,Nicole Bison,NA,35469,NA,NA,-0.002278,2.916968,-0.002280,-0.035215,1.626829,1.627821,3.153294,1.526465,16.084475,16.074671,31.157644,0.441786,PSF-00189_20240514153836_a5e,0,0,0,105.172638,416.074646,0.747227,0.5,0.8,15.674072,48.64,48.67,25.85,24.86,101.20,156.1,155.7,0.3,52,3.779,15:32:13,2024-05-14,-0.58,0,0.003,-9999,-0.331,0.281,-9999,1,150,0.005,2.000000,0,rectangular,7000,500,-9999.000000,-9999.000000,55537,55537,55537,0,-9999,0,0,0,0,2.444229,2.508467,1.650858,0.930156,0.263628,-0.010468,0.423651,0.151429,105.172638,0.000425,2.368202,-3.3e-5,1,2.426428,-4e-5,1,0.602049,0.601182,0.1074,0,PSF-00189_20240514153836_a5e,PFA-00183,PSA-00195,PSF-00189,RHS-00549,3.0.0,2023-06-15T18:05:35Z
21,15:43:04,2024-05-14,DURIN config,Nicole Bison,NA,38450,NA,NA,0.037092,2.917459,0.036627,0.602252,1.620290,1.603325,3.244403,1.624113,15.842463,16.010098,32.057976,0.441786,PSF-00189_20240514154304_823,0,0,0,118.650909,455.814972,0.739695,0.5,0.8,9.598534,48.29,47.78,25.91,25.34,101.20,156.2,155.6,0.4,32,3.743,15:32:13,2024-05-14,-0.58,-0.002,0.001,-9999,-0.769,-1.396,-9999,1,150,0.005,2.000000,0,rectangular,7000,500,-9999.000000,-9999.000000,55537,55537,55537,0,-9999,0,0,0,0,2.443020,2.507946,1.651372,0.929810,0.263057,-0.005463,0.438171,0.134637,118.650909,0.000441,2.368202,-3.3e-5,1,2.426428,-4e-5,1,0.602049,0.601182,0.1074,0,PSF-00189_20240514154304_823,PFA-00183,PSA-00195,PSF-00189,RHS-00549,3.0.0,2023-06-15T18:05:35Z
22,15:45:50,2024-05-14,DURIN config,Nicole Bison,NA,38947,NA,NA,0.009235,2.918375,0.009205,0.149640,1.648886,1.644675,3.254242,1.605356,16.250240,16.291849,32.153599,0.441786,PSF-00189_20240514154550_604,0,0,0,107.876297,408.587708,0.735978,0.5,0.8,11.864768,49.22,49.09,25.88,25.39,101.21,156.3,131.8,15.7,40,3.766,15:43:21,2024-05-14,-0.55,0.001,-0,-9999,-0.103,-0.083,-9999,1,150,0.005,2.000000,0,rectangular,7000,500,-9999.000000,-9999.000000,55537,55537,55537,0,-9999,0,0,0,0,2.444793,2.509247,1.652333,0.870962,0.263335,-0.004543,0.446935,0.141238,107.876297,0.000431,2.368202,-3.3e-5,1,2.426428,-4e-5,1,0.602049,0.601182,0.1074,0,PSF-00189_20240514154550_604,PFA-00183,PSA-00195,PSF-00189,RHS-00549,3.0.0,2023-06-15T18:05:35Z
23,15:47:24,2024-05-14,DURIN config,Nicole Bison,NA,39992,NA,NA,0.001385,2.917915,0.001385,0.020019,1.671466,1.670902,3.100084,1.428618,16.509832,16.515400,30.631275,0.441786,PSF-00189_20240514154724_046,0,0,0,107.882378,404.581177,0.733348,0.5,0.8,13.450224,49.93,49.91,25.87,24.58,101.21,156.2,155.4,0.5,46,3.769,15:43:21,2024-05-14,-0.55,-0,-0.001,-9999,-0.237,-0.448,-9999,1,150,0.005,2.000000,0,rectangular,7000,500,-9999.000000,-9999.000000,55537,55537,55537,0,-9999,0,0,0,0,2.445897,2.510273,1.651851,0.929491,0.263461,-0.014012,0.451946,0.145897,107.882378,0.000436,2.368202,-3.3e-5,1,2.426428,-4e-5,1,0.602049,0.601182,0.1074,0,PSF-00189_20240514154724_046,PFA-00183,PSA-00195,PSF-00189,RHS-00549,3.0.0,2023-06-15T18:05:35Z
24,15:52:02,2024-05-14,DURIN config,Nicole Bison,NA,37309,NA,NA,-0.001445,2.917508,-0.001446,-0.020423,1.647300,1.647876,3.043294,1.395994,16.284441,16.278759,30.074083,0.441786,PSF-00189_20240514155202_ece,0,0,0,189.302795,638.481995,0.703511,0.5,0.8,7.374995,48.87,48.88,25.98,24.27,101.19,156.2,155.6,0.4,26,3.763,15:43:21,2024-05-14,-0.55,-0.001,0.002,-9999,0.148,0.332,-9999,1,150,0.005,2.000000,0,rectangular,7000,500,-9999.000000,-9999.000000,55537,55537,55537,0,-9999,0,0,0,0,2.444489,2.508714,1.651424,0.929974,0.262241,-0.019025,0.466607,0.129404,189.302795,0.000425,2.368202,-3.3e-5,1,2.426428,-4e-5,1,0.602049,0.601182,0.1074,0,PSF-00189_20240514155202_ece,PFA-00183,PSA-00195,PSF-00189,RHS-00549,3.0.0,2023-06-15T18:05:35Z
